-- phpMyAdmin SQL Dump
-- version 4.3.8deb0.1
-- http://www.phpmyadmin.net
--
-- Host: localhost
-- Generation Time: Mar 18, 2017 at 11:39 AM
-- Server version: 5.5.54-0ubuntu0.14.04.1
-- PHP Version: 5.5.9-1ubuntu4.21

SET SQL_MODE = "NO_AUTO_VALUE_ON_ZERO";
SET time_zone = "+00:00";


/*!40101 SET @OLD_CHARACTER_SET_CLIENT=@@CHARACTER_SET_CLIENT */;
/*!40101 SET @OLD_CHARACTER_SET_RESULTS=@@CHARACTER_SET_RESULTS */;
/*!40101 SET @OLD_COLLATION_CONNECTION=@@COLLATION_CONNECTION */;
/*!40101 SET NAMES utf8 */;

--
-- Database: `nyepesi`
--

-- --------------------------------------------------------

--
-- Table structure for table `auth_group`
--

CREATE TABLE IF NOT EXISTS `auth_group` (
  `id` int(11) NOT NULL,
  `name` varchar(80) NOT NULL
) ENGINE=InnoDB AUTO_INCREMENT=3 DEFAULT CHARSET=latin1;

--
-- Dumping data for table `auth_group`
--

INSERT INTO `auth_group` (`id`, `name`) VALUES
(2, 'admin'),
(1, 'agents');

-- --------------------------------------------------------

--
-- Table structure for table `auth_group_permissions`
--

CREATE TABLE IF NOT EXISTS `auth_group_permissions` (
  `id` int(11) NOT NULL,
  `group_id` int(11) NOT NULL,
  `permission_id` int(11) NOT NULL
) ENGINE=InnoDB AUTO_INCREMENT=19 DEFAULT CHARSET=latin1;

--
-- Dumping data for table `auth_group_permissions`
--

INSERT INTO `auth_group_permissions` (`id`, `group_id`, `permission_id`) VALUES
(1, 1, 4),
(2, 1, 5),
(3, 1, 6),
(11, 2, 1),
(6, 2, 2),
(7, 2, 3),
(8, 2, 4),
(9, 2, 5),
(10, 2, 6),
(12, 2, 10),
(13, 2, 11),
(14, 2, 12),
(15, 2, 13),
(16, 2, 14),
(17, 2, 15),
(18, 2, 31),
(4, 2, 32),
(5, 2, 33);

-- --------------------------------------------------------

--
-- Table structure for table `auth_permission`
--

CREATE TABLE IF NOT EXISTS `auth_permission` (
  `id` int(11) NOT NULL,
  `name` varchar(255) NOT NULL,
  `content_type_id` int(11) NOT NULL,
  `codename` varchar(100) NOT NULL
) ENGINE=InnoDB AUTO_INCREMENT=37 DEFAULT CHARSET=latin1;

--
-- Dumping data for table `auth_permission`
--

INSERT INTO `auth_permission` (`id`, `name`, `content_type_id`, `codename`) VALUES
(1, 'Can add register agent', 1, 'add_registeragent'),
(2, 'Can change register agent', 1, 'change_registeragent'),
(3, 'Can delete register agent', 1, 'delete_registeragent'),
(4, 'Can add register customer', 2, 'add_registercustomer'),
(5, 'Can change register customer', 2, 'change_registercustomer'),
(6, 'Can delete register customer', 2, 'delete_registercustomer'),
(7, 'Can add log entry', 3, 'add_logentry'),
(8, 'Can change log entry', 3, 'change_logentry'),
(9, 'Can delete log entry', 3, 'delete_logentry'),
(10, 'Can add permission', 4, 'add_permission'),
(11, 'Can change permission', 4, 'change_permission'),
(12, 'Can delete permission', 4, 'delete_permission'),
(13, 'Can add user', 5, 'add_user'),
(14, 'Can change user', 5, 'change_user'),
(15, 'Can delete user', 5, 'delete_user'),
(16, 'Can add group', 6, 'add_group'),
(17, 'Can change group', 6, 'change_group'),
(18, 'Can delete group', 6, 'delete_group'),
(19, 'Can add content type', 7, 'add_contenttype'),
(20, 'Can change content type', 7, 'change_contenttype'),
(21, 'Can delete content type', 7, 'delete_contenttype'),
(22, 'Can add session', 8, 'add_session'),
(23, 'Can change session', 8, 'change_session'),
(24, 'Can delete session', 8, 'delete_session'),
(25, 'Can add grant', 9, 'add_grant'),
(26, 'Can change grant', 9, 'change_grant'),
(27, 'Can delete grant', 9, 'delete_grant'),
(28, 'Can add application', 10, 'add_application'),
(29, 'Can change application', 10, 'change_application'),
(30, 'Can delete application', 10, 'delete_application'),
(31, 'Can add access token', 11, 'add_accesstoken'),
(32, 'Can change access token', 11, 'change_accesstoken'),
(33, 'Can delete access token', 11, 'delete_accesstoken'),
(34, 'Can add refresh token', 12, 'add_refreshtoken'),
(35, 'Can change refresh token', 12, 'change_refreshtoken'),
(36, 'Can delete refresh token', 12, 'delete_refreshtoken');

-- --------------------------------------------------------

--
-- Table structure for table `auth_user`
--

CREATE TABLE IF NOT EXISTS `auth_user` (
  `id` int(11) NOT NULL,
  `password` varchar(128) NOT NULL,
  `last_login` datetime DEFAULT NULL,
  `is_superuser` tinyint(1) NOT NULL,
  `username` varchar(150) NOT NULL,
  `first_name` varchar(30) NOT NULL,
  `last_name` varchar(30) NOT NULL,
  `email` varchar(254) NOT NULL,
  `is_staff` tinyint(1) NOT NULL,
  `is_active` tinyint(1) NOT NULL,
  `date_joined` datetime NOT NULL
) ENGINE=InnoDB AUTO_INCREMENT=154 DEFAULT CHARSET=latin1;

--
-- Dumping data for table `auth_user`
--

INSERT INTO `auth_user` (`id`, `password`, `last_login`, `is_superuser`, `username`, `first_name`, `last_name`, `email`, `is_staff`, `is_active`, `date_joined`) VALUES
(1, 'pbkdf2_sha256$30000$muWomJ6jGBzL$+Gh7bGJ/a6B+6fBDFtDq4Z5tNXJrm2jF4mjiVMZdZso=', '2017-03-16 11:53:29', 1, 'nyepesi', '', '', 'n@p.com', 1, 1, '2017-03-08 21:55:23'),
(2, 'pbkdf2_sha256$30000$o6viTV4YH67b$ceDsDFSKeJ4Xu9pqvv/FHgm5vL0pZoRgVQXRnC/R6Ko=', NULL, 0, '0712658103', '', '', '', 0, 1, '2017-03-08 21:57:50'),
(3, 'pbkdf2_sha256$30000$knebMhGxjmeU$R/dTKSBN/DRidPo9YAip4k2rfJQaRj0io0y87Au2vxI=', NULL, 1, 'nyepesyepesi', '', '', 'n@slc.oc', 1, 1, '2017-03-11 10:44:13'),
(9, 'pbkdf2_sha256$30000$Dp2aA8pA45lW$cW9ZtdqtIEOQqAxo9V+hC2se4IstsNh7+0FSThgivjE=', NULL, 0, '2', '', '', '', 0, 1, '2017-03-13 10:14:37'),
(10, 'pbkdf2_sha256$30000$o7RjL2qxxxnA$gCOcenINej33GKK+q1TDyYWBn/u0o0fxWeLmAW+/uIU=', NULL, 0, '7890', '', '', '', 0, 1, '2017-03-13 10:24:44'),
(11, 'pbkdf2_sha256$30000$Ct6Q2bQXLD6D$zoc+u9pEdDcU7pFpO17koyUFEiLVZYsGjyzg4Gxc3Yo=', NULL, 0, '071567', '', '', '', 0, 1, '2017-03-13 10:26:24'),
(12, 'pbkdf2_sha256$30000$SGH53aMVIp40$pBSsF0BZ1FbZaxIV2WQS6DcMgAcHEgZ7McgK5EfTtxA=', NULL, 0, '0715678102', '', '', '', 0, 1, '2017-03-13 10:30:30'),
(13, 'pbkdf2_sha256$30000$M46RPQ4EPdpv$1nedqL3qFH5uxPmW/L/GSLQH8RKCjDUvnmjVJmPjPhc=', NULL, 0, '0712932312', '', '', '', 0, 1, '2017-03-13 10:37:20'),
(14, 'pbkdf2_sha256$30000$SJ9M4n2rniFf$FxwEaD/u8tmhUNfPGNtR7/AoT2fV6YS7P6rlayWB5u4=', NULL, 0, '0723232123', '', '', '', 0, 1, '2017-03-13 10:38:53'),
(15, 'pbkdf2_sha256$30000$mqhBhXIiSH0q$yh3uEk62TPX6cTbl3NN158sxN3F5j4lBqqtxKTQD2SI=', NULL, 0, '0878999', '', '', '', 0, 1, '2017-03-13 10:42:46'),
(16, 'pbkdf2_sha256$30000$fMGErDfCs6MY$N5HZxxaztb9Uct6RmjhMWNdoSiNyrtXYUvmw9l1h7Wo=', NULL, 0, '89', '', '', '', 0, 1, '2017-03-13 10:49:55'),
(17, 'pbkdf2_sha256$30000$A6IurrmbItnx$nVJDpYo5QKXdKJs8OZwByZ6fJbpDQQGPUbeOK1lvRfQ=', NULL, 0, '0789012112', '', '', '', 0, 1, '2017-03-13 10:51:49'),
(22, 'pbkdf2_sha256$30000$jCdHrEG5X9J6$29Ft+4Y2mRT+bYj2xa/slKIYAJlhxH0TCBKREpWfGt8=', NULL, 0, '07890129721', '', '', '', 0, 1, '2017-03-13 10:57:01'),
(43, 'pbkdf2_sha256$30000$42ltipCa065M$rqdFfDZiFo5wBsXT0f5bK5RWwINt/R9xAhQIbshI5rU=', NULL, 0, '987923', '', '', '', 0, 1, '2017-03-13 11:27:55'),
(44, 'pbkdf2_sha256$30000$hyXigHnPVyEA$iXzs60Dofiiq0RqHUMfNthSoWBeuIorYTMTJqsDv7EE=', NULL, 0, '782323', '', '', '', 0, 1, '2017-03-13 15:07:25'),
(45, 'pbkdf2_sha256$30000$E7UoM8e7xKyj$ENyjmgUvQ45bKia4g5eYK9++WVZDuFGTtQF70LvjOQk=', NULL, 0, '082121212', '', '', '', 0, 1, '2017-03-13 15:13:18'),
(60, 'pbkdf2_sha256$30000$dFF1dy32anvz$moXBlJ9ycMNByUDaqjptvhjF86Oex82kS2Luaihrf0k=', NULL, 0, '0786789012', '', '', '', 0, 1, '2017-03-13 15:50:23'),
(61, 'pbkdf2_sha256$30000$foKDovabNpIn$AooE/dV5oSs1g8fHOH5edgeAtY9tr1+R9PpW1kxKocE=', NULL, 0, '2232', '', '', '', 0, 1, '2017-03-13 15:53:13'),
(62, 'pbkdf2_sha256$30000$NCpAvXrI7Lzv$BD1bHeuk2MPcRgQEDdDegnf8E73kVkl4KJhLpy0rYHA=', NULL, 0, '32323', '', '', '', 0, 1, '2017-03-13 15:54:09'),
(63, 'pbkdf2_sha256$30000$slUX7HvTIidW$RMM5PUqyhOSc/9lodKbPkvBkxWcIJk/u2jU4fMU7Z2M=', NULL, 0, '2322', '', '', '', 0, 1, '2017-03-13 15:55:24'),
(132, 'pbkdf2_sha256$30000$G46d8a2GhO62$aDyasmz/uXwjobUAIexh4iaUDqAW3t2z8ysERMs+E+w=', NULL, 0, '2323', '', '', '', 0, 1, '2017-03-14 20:18:55'),
(133, 'pbkdf2_sha256$30000$qUq2ossrVn14$mEkbo2alhYFCQlLU73DBgjbDGxrkJg86+Vs1F/kyutY=', NULL, 0, '1212', '', '', '', 0, 1, '2017-03-14 20:20:20'),
(134, 'pbkdf2_sha256$30000$R1I9S9rP3GXw$G/D34pvBxjquB+nMoPY9yQKLikTEkoNuifhKAUEEDLE=', NULL, 0, '02323', '', '', '', 0, 1, '2017-03-14 20:21:09'),
(153, 'pbkdf2_sha256$30000$rtp4o25dELjy$ZZz99CZeIW2TK6Dq3NKgN9IlqMs0XRa+r4NO4eiqwPo=', NULL, 0, '0712658102', '', '', '', 0, 1, '2017-03-16 12:03:34');

-- --------------------------------------------------------

--
-- Table structure for table `auth_user_groups`
--

CREATE TABLE IF NOT EXISTS `auth_user_groups` (
  `id` int(11) NOT NULL,
  `user_id` int(11) NOT NULL,
  `group_id` int(11) NOT NULL
) ENGINE=InnoDB AUTO_INCREMENT=119 DEFAULT CHARSET=latin1;

--
-- Dumping data for table `auth_user_groups`
--

INSERT INTO `auth_user_groups` (`id`, `user_id`, `group_id`) VALUES
(1, 2, 1),
(5, 9, 1),
(6, 10, 1),
(7, 11, 1),
(8, 12, 1),
(9, 13, 1),
(10, 14, 1),
(11, 15, 1),
(12, 16, 1),
(13, 17, 1),
(17, 22, 1),
(33, 43, 1),
(34, 44, 1),
(35, 45, 1),
(49, 60, 1),
(50, 61, 1),
(98, 132, 1),
(99, 133, 1),
(100, 134, 1),
(118, 153, 1);

-- --------------------------------------------------------

--
-- Table structure for table `auth_user_user_permissions`
--

CREATE TABLE IF NOT EXISTS `auth_user_user_permissions` (
  `id` int(11) NOT NULL,
  `user_id` int(11) NOT NULL,
  `permission_id` int(11) NOT NULL
) ENGINE=InnoDB DEFAULT CHARSET=latin1;

-- --------------------------------------------------------

--
-- Table structure for table `django_admin_log`
--

CREATE TABLE IF NOT EXISTS `django_admin_log` (
  `id` int(11) NOT NULL,
  `action_time` datetime NOT NULL,
  `object_id` longtext,
  `object_repr` varchar(200) NOT NULL,
  `action_flag` smallint(5) unsigned NOT NULL,
  `change_message` longtext NOT NULL,
  `content_type_id` int(11) DEFAULT NULL,
  `user_id` int(11) NOT NULL
) ENGINE=InnoDB AUTO_INCREMENT=13 DEFAULT CHARSET=latin1;

--
-- Dumping data for table `django_admin_log`
--

INSERT INTO `django_admin_log` (`id`, `action_time`, `object_id`, `object_repr`, `action_flag`, `change_message`, `content_type_id`, `user_id`) VALUES
(1, '2017-03-08 21:57:50', '2', '0712658102', 1, '[{"added": {}}]', 5, 1),
(2, '2017-03-08 21:59:13', '1', 'agents', 1, '[{"added": {}}]', 6, 1),
(3, '2017-03-08 21:59:38', '2', '0712658102', 2, '[]', 5, 1),
(4, '2017-03-08 22:00:37', '1', 'Norman Munge', 1, '[{"added": {}}]', 1, 1),
(5, '2017-03-08 22:01:03', '1', 'Mark Thairu', 1, '[{"added": {}}]', 2, 1),
(6, '2017-03-11 09:41:54', '1', 'agents', 2, '[]', 6, 1),
(7, '2017-03-11 09:44:21', '2', 'admin', 1, '[{"added": {}}]', 6, 1),
(8, '2017-03-16 11:53:50', '149', '0727290364', 3, '', 5, 1),
(9, '2017-03-16 11:55:09', '150', '0727290364', 3, '', 5, 1),
(10, '2017-03-16 11:59:15', '151', '0727290364', 3, '', 5, 1),
(11, '2017-03-16 12:01:34', '148', '0712658102', 3, '', 5, 1),
(12, '2017-03-16 12:01:34', '152', '0727290364', 3, '', 5, 1);

-- --------------------------------------------------------

--
-- Table structure for table `django_content_type`
--

CREATE TABLE IF NOT EXISTS `django_content_type` (
  `id` int(11) NOT NULL,
  `app_label` varchar(100) NOT NULL,
  `model` varchar(100) NOT NULL
) ENGINE=InnoDB AUTO_INCREMENT=13 DEFAULT CHARSET=latin1;

--
-- Dumping data for table `django_content_type`
--

INSERT INTO `django_content_type` (`id`, `app_label`, `model`) VALUES
(3, 'admin', 'logentry'),
(6, 'auth', 'group'),
(4, 'auth', 'permission'),
(5, 'auth', 'user'),
(7, 'contenttypes', 'contenttype'),
(11, 'oauth2_provider', 'accesstoken'),
(10, 'oauth2_provider', 'application'),
(9, 'oauth2_provider', 'grant'),
(12, 'oauth2_provider', 'refreshtoken'),
(1, 'registerAgent', 'registeragent'),
(2, 'registerCustomer', 'registercustomer'),
(8, 'sessions', 'session');

-- --------------------------------------------------------

--
-- Table structure for table `django_migrations`
--

CREATE TABLE IF NOT EXISTS `django_migrations` (
  `id` int(11) NOT NULL,
  `app` varchar(255) NOT NULL,
  `name` varchar(255) NOT NULL,
  `applied` datetime NOT NULL
) ENGINE=InnoDB AUTO_INCREMENT=20 DEFAULT CHARSET=latin1;

--
-- Dumping data for table `django_migrations`
--

INSERT INTO `django_migrations` (`id`, `app`, `name`, `applied`) VALUES
(1, 'contenttypes', '0001_initial', '2017-03-08 21:53:20'),
(2, 'auth', '0001_initial', '2017-03-08 21:53:23'),
(3, 'admin', '0001_initial', '2017-03-08 21:53:24'),
(4, 'admin', '0002_logentry_remove_auto_add', '2017-03-08 21:53:24'),
(5, 'contenttypes', '0002_remove_content_type_name', '2017-03-08 21:53:24'),
(6, 'auth', '0002_alter_permission_name_max_length', '2017-03-08 21:53:24'),
(7, 'auth', '0003_alter_user_email_max_length', '2017-03-08 21:53:25'),
(8, 'auth', '0004_alter_user_username_opts', '2017-03-08 21:53:25'),
(9, 'auth', '0005_alter_user_last_login_null', '2017-03-08 21:53:25'),
(10, 'auth', '0006_require_contenttypes_0002', '2017-03-08 21:53:25'),
(11, 'auth', '0007_alter_validators_add_error_messages', '2017-03-08 21:53:25'),
(12, 'auth', '0008_alter_user_username_max_length', '2017-03-08 21:53:25'),
(13, 'oauth2_provider', '0001_initial', '2017-03-08 21:53:28'),
(14, 'oauth2_provider', '0002_08_updates', '2017-03-08 21:53:29'),
(15, 'oauth2_provider', '0003_auto_20160316_1503', '2017-03-08 21:53:30'),
(16, 'oauth2_provider', '0004_auto_20160525_1623', '2017-03-08 21:53:31'),
(17, 'registerAgent', '0001_initial', '2017-03-08 21:53:31'),
(18, 'registerCustomer', '0001_initial', '2017-03-08 21:53:32'),
(19, 'sessions', '0001_initial', '2017-03-08 21:53:32');

-- --------------------------------------------------------

--
-- Table structure for table `django_session`
--

CREATE TABLE IF NOT EXISTS `django_session` (
  `session_key` varchar(40) NOT NULL,
  `session_data` longtext NOT NULL,
  `expire_date` datetime NOT NULL
) ENGINE=InnoDB DEFAULT CHARSET=latin1;

--
-- Dumping data for table `django_session`
--

INSERT INTO `django_session` (`session_key`, `session_data`, `expire_date`) VALUES
('izoovdg2gxreyzxppctldjntjlqnnzb0', 'Y2Q0NDBjNWI0NjVlZGI1OGY0MzZlYjFjMGU3ZmI1YTcyMWZkMTYyMzp7Il9hdXRoX3VzZXJfaGFzaCI6ImUyNmY4Yjg3MjBkODA1ZmE5MzMxMDZiY2JmYjU1YWI2MjI4ZTA1MjciLCJfYXV0aF91c2VyX2JhY2tlbmQiOiJkamFuZ28uY29udHJpYi5hdXRoLmJhY2tlbmRzLk1vZGVsQmFja2VuZCIsIl9hdXRoX3VzZXJfaWQiOiIxIn0=', '2017-03-22 21:55:45'),
('x58sk8qbvn029nxw3kxac2a1ii4s4173', 'Y2Q0NDBjNWI0NjVlZGI1OGY0MzZlYjFjMGU3ZmI1YTcyMWZkMTYyMzp7Il9hdXRoX3VzZXJfaGFzaCI6ImUyNmY4Yjg3MjBkODA1ZmE5MzMxMDZiY2JmYjU1YWI2MjI4ZTA1MjciLCJfYXV0aF91c2VyX2JhY2tlbmQiOiJkamFuZ28uY29udHJpYi5hdXRoLmJhY2tlbmRzLk1vZGVsQmFja2VuZCIsIl9hdXRoX3VzZXJfaWQiOiIxIn0=', '2017-03-30 11:53:29');

-- --------------------------------------------------------

--
-- Table structure for table `oauth2_provider_accesstoken`
--

CREATE TABLE IF NOT EXISTS `oauth2_provider_accesstoken` (
  `id` int(11) NOT NULL,
  `token` varchar(255) NOT NULL,
  `expires` datetime NOT NULL,
  `scope` longtext NOT NULL,
  `application_id` int(11) NOT NULL,
  `user_id` int(11) DEFAULT NULL
) ENGINE=InnoDB AUTO_INCREMENT=583 DEFAULT CHARSET=latin1;

--
-- Dumping data for table `oauth2_provider_accesstoken`
--

INSERT INTO `oauth2_provider_accesstoken` (`id`, `token`, `expires`, `scope`, `application_id`, `user_id`) VALUES
(1, 'Quxx5qLD8AoQt0CNgMfi13HP2h3CYs', '2017-03-09 08:01:52', 'read write', 1, 2),
(2, 'w6idpegEyzT8jjIdCkcXAs80vczWQ9', '2017-03-09 08:01:52', 'read write', 1, 2),
(3, 'd8AmDO1XMCiQrsQJJaf0Ni0qCof9za', '2017-03-09 08:02:41', 'read write', 1, 2),
(4, 'E2nccv0SrjByAuqdH13HWN6Q6WoZD6', '2017-03-09 08:02:41', 'read write', 1, 2),
(5, 'Mh3StwxuwtfiytO2ZyE2bgbgv7Cgap', '2017-03-09 08:10:50', 'read write', 1, 2),
(6, '0olZmrq9xQC3s0Ys7A1pAsZBkf94yz', '2017-03-09 08:10:50', 'read write', 1, 2),
(7, 'gjeWmMWFFezItIHutu6unAZhLaMitE', '2017-03-09 08:13:08', 'read write', 1, 2),
(8, '6kpWjiKlWXky5X40Tdz3pyvqRbQ3Wr', '2017-03-09 08:13:08', 'read write', 1, 2),
(9, 'towsNsAdAgnC62Xe7w3XcjxF1b7wYX', '2017-03-09 08:18:42', 'read write', 1, 2),
(10, 'gJcSxFRh74k0hj9YLloib2iPEiF9bb', '2017-03-09 08:18:42', 'read write', 1, 2),
(11, '8Shj7SSS0QPgzW4lZdVXGfSvmuthQ8', '2017-03-09 08:20:47', 'read write', 1, 2),
(12, '991DLaD5It9BerjhAoF9BpgNCCawTF', '2017-03-09 08:20:47', 'read write', 1, 2),
(13, 'fnNJDejaPHXRMXZF8TiKOs5zFjoAh8', '2017-03-09 08:34:45', 'read write', 1, 2),
(14, 'MZJBtd8b7YUR5QizPZ0BRbPNmdzd6z', '2017-03-09 08:34:45', 'read write', 1, 2),
(15, 'gkoBt1jkXoH4pNCKPIdXDEAmZroarT', '2017-03-09 08:37:47', 'read write', 1, 2),
(16, 'PlIgf7WNXXQZx9wxpFwnaiArv5wb2p', '2017-03-09 08:37:47', 'read write', 1, 2),
(17, 'CQ7XqC3BBkZ1VpaO1hTZrtNX8YlAZv', '2017-03-09 08:40:42', 'read write', 1, 2),
(18, 'PAfiBnypTaP5yiZkkx0ksy8II3osHY', '2017-03-09 08:40:42', 'read write', 1, 2),
(19, 'TInDr3xKcGkU1eYJz3ltqLRhQhaVrB', '2017-03-09 08:46:17', 'read write', 1, 2),
(20, 'NMVoRrUKxDFUvvlEiRRlH9ATZqhHWg', '2017-03-09 08:46:17', 'read write', 1, 2),
(21, '85VD7fHUN7Yf5yrtIa7KTPylcfufZ3', '2017-03-09 08:48:25', 'read write', 1, 2),
(22, 'jrkSO9iifdQycn56lrQF8hjxCcBavQ', '2017-03-09 08:48:25', 'read write', 1, 2),
(23, '8MGEbZJgJeNKhZhn1BUeVQM6rLU6sg', '2017-03-09 08:52:38', 'read write', 1, 2),
(24, 'EglTH5XyXFacgrjx6mQbeO1oRzeRfH', '2017-03-09 08:52:38', 'read write', 1, 2),
(25, 'EQbSVGNVJeUHqOIgIXjQAGdPUW3fci', '2017-03-09 09:02:06', 'read write', 1, 2),
(26, 'vGVlzspzsTib6WNQWwM3QW7JHW5IlQ', '2017-03-09 09:02:06', 'read write', 1, 2),
(27, 'Ss5Uonne0lMZVBytTflqHAL6Su79bw', '2017-03-09 09:03:24', 'read write', 1, 2),
(28, 'xaBu5pHm7STaOZtMM3jaGoF3B6ArmN', '2017-03-09 09:03:24', 'read write', 1, 2),
(29, 'P6Fa2FfTXQBkDm8rBudoRvLOBSlzhr', '2017-03-09 09:04:21', 'read write', 1, 2),
(30, 'B2sH23Ibx2k9WcVTvTVqFnMRyviFN5', '2017-03-09 09:04:21', 'read write', 1, 2),
(31, 'M2pcNmHAJFooIgpXdrk32JnQyzRFzR', '2017-03-09 09:05:50', 'read write', 1, 2),
(32, 'NMKp7rPiwyCdTvXkCEQDZC4gDFKMkP', '2017-03-09 09:05:50', 'read write', 1, 2),
(33, 'vMG8JTMKOWTNd8ubp8xsOkaLDec7no', '2017-03-09 09:12:05', 'read write', 1, 2),
(34, 'tsaPkKCLGrJBgzCMdFa07pKaQHY4XU', '2017-03-09 09:12:05', 'read write', 1, 2),
(35, 'uW1AMk83fy7obgfHbFOTG9EDp4ZO43', '2017-03-09 09:13:05', 'read write', 1, 2),
(36, 'y8Cs93MKMCiFHqoFX3T1HXL7fNHerT', '2017-03-09 09:13:05', 'read write', 1, 2),
(37, 'kEYb5FOhvXPWiUFpnwQZBX7rm8ZQJI', '2017-03-09 09:14:18', 'read write', 1, 2),
(38, 'vgBjtCVDHuWdZZX18GvIFJ5eHY7zOi', '2017-03-09 09:14:18', 'read write', 1, 2),
(39, 'nv46sayfKdZGMAEb8q6HAkFqVxbrj1', '2017-03-09 09:24:58', 'read write', 1, 2),
(40, 'nTwHjGImox6dCPBfp2XOCtIa6z1mXR', '2017-03-09 09:24:58', 'read write', 1, 2),
(41, 'V5KeK5DaASMs59e62M7aUpxlWw59wZ', '2017-03-09 09:29:10', 'read write', 1, 2),
(42, 'FZT6lq0nHFJUAWcySLH7SETumhs2lx', '2017-03-09 09:29:10', 'read write', 1, 2),
(43, 'S7mIOqFM15UFM4ZFSZ08qiz62MVqYR', '2017-03-09 09:31:05', 'read write', 1, 2),
(44, 'hpNetvR8dv6aUmyjLL3S7byzHkmPma', '2017-03-09 09:31:05', 'read write', 1, 2),
(45, 'ATNVOkQjz7WAa6WyS2ahQq6ZEGpzRb', '2017-03-09 09:31:52', 'read write', 1, 2),
(46, 'rzUjCDkRVIqAQ1XUuUsUlMD6GxFcV2', '2017-03-09 09:31:52', 'read write', 1, 2),
(47, 'EvMjnJivuaxp8l4qPEFH5hAqqRh8pl', '2017-03-09 09:36:20', 'read write', 1, 2),
(48, 'WINwghkgO2pnrIa5xaZE8OXuqoyJaO', '2017-03-09 09:36:20', 'read write', 1, 2),
(49, 'vKg27VeTgnJGLr1mJWhVecd6rCrZVS', '2017-03-09 09:37:22', 'read write', 1, 2),
(50, 'RglagHaWujyoYnx4konRjzKE9HmWPd', '2017-03-09 09:37:22', 'read write', 1, 2),
(51, 'Zfet3YwQLFrtNz15rcuFAL4bSrAdIW', '2017-03-09 09:38:00', 'read write', 1, 2),
(52, '787slU9iWkWPOagclr1YFRIAZblu1B', '2017-03-09 09:38:00', 'read write', 1, 2),
(53, 'eFfYOH99bXZxT4AzyrzOnpP9A44TMO', '2017-03-09 09:38:33', 'read write', 1, 2),
(54, 'JNAL5PSFdgODa58cAYWAQv4uIjlCkc', '2017-03-09 09:38:33', 'read write', 1, 2),
(55, 'Cem8QnDaYa4f4nuxscwkcX7sOoRR9o', '2017-03-09 09:43:17', 'read write', 1, 2),
(56, 'slBf2PJUn00pOWiJNeoAqoS8tFRZ6N', '2017-03-09 09:43:17', 'read write', 1, 2),
(57, 'f55yjroRpl4RzigDcx529znchvCo3i', '2017-03-09 09:44:15', 'read write', 1, 2),
(58, 'hpxALHbnQhUlZp4fcUweKtKur1xPHe', '2017-03-09 09:44:15', 'read write', 1, 2),
(59, 'wFkCrnaufurexU9x3aB1Kdc86tbUSz', '2017-03-09 09:44:58', 'read write', 1, 2),
(60, 'fv5wECTz0lM010Zo1s0XZEAbrm8GPY', '2017-03-09 09:44:58', 'read write', 1, 2),
(61, 'hXez1g3xN8gwRI5DI76MmYTL9t33K4', '2017-03-09 09:47:28', 'read write', 1, 2),
(62, '0MdrF4HanEkDbzK03E3OfWvnGzu18t', '2017-03-09 09:47:28', 'read write', 1, 2),
(63, 'ICi4cofCAmYvHoRFkxgMWxeLyHpI4S', '2017-03-09 09:48:05', 'read write', 1, 2),
(64, 'ySry6XuCmhjGFu2Lk32X2h67LORXBF', '2017-03-09 09:48:05', 'read write', 1, 2),
(65, '7dWa4zawbh3RYnoVWZLUTeEjoPdzIK', '2017-03-09 09:48:39', 'read write', 1, 2),
(66, 'Fh7nno7hTIZsAFwbW4cpMlqYYkyNfl', '2017-03-09 09:48:39', 'read write', 1, 2),
(67, 'BiDDtvUNMLZzeTiJowHDCjyzfGaMK8', '2017-03-09 09:49:19', 'read write', 1, 2),
(68, 'qRjOh47hgPnt2mPecmnMDUgrUubS0X', '2017-03-09 09:49:19', 'read write', 1, 2),
(69, 'A0ToGai5XJv4Ins4eQoWv1B26upLjH', '2017-03-09 09:51:04', 'read write', 1, 2),
(70, 'WSjyv9ub6fO4lJMuVblzIiagoBAnfy', '2017-03-09 09:51:04', 'read write', 1, 2),
(71, '6G36O4R2CIEcMmqxifampSPhMYr4TS', '2017-03-09 15:37:39', 'read write', 1, 2),
(72, 'VVn7kaq74x8og4Sdt815DO4wzXnLtW', '2017-03-09 15:37:39', 'read write', 1, 2),
(73, 'nGzUgfuAvqfbDBapAGOJTJ8RiMjBsz', '2017-03-09 15:38:24', 'read write', 1, 2),
(74, 'Q2OWx1w2b4NmVYF5vDejL0lUEqAMXG', '2017-03-09 15:38:24', 'read write', 1, 2),
(75, 'tnbQIiwzUJvxb6sg8YVE1fzQySptO3', '2017-03-09 15:51:23', 'read write', 1, 2),
(76, 'FmoA9aQDyg4fGY455s4X7p4woINEzl', '2017-03-09 15:51:23', 'read write', 1, 2),
(77, 'zFEEH5MMfQVCS3MvYP7Glph9tGGg78', '2017-03-10 19:43:10', 'read write', 1, 2),
(78, 'SEBA6ktejsepiM6syWirS6Sff4t3FB', '2017-03-10 19:43:10', 'read write', 1, 2),
(79, '3YGHgNKwJQHs7iOPiSiMvxBYgUJkmg', '2017-03-10 19:44:36', 'read write', 1, 2),
(80, 'tKCEwZub2zlft8gtIewhcCvDpZPNnI', '2017-03-10 19:44:36', 'read write', 1, 2),
(81, 'TdaxE3spJQsUDNxgA0JDPsi42MS7bw', '2017-03-10 19:48:18', 'read write', 1, 2),
(82, 'q9Xp0PCT7tImirPLJCnrajDQN1b3rS', '2017-03-10 19:48:18', 'read write', 1, 2),
(83, 'ji8uN1Yumg9zFEicIOK3tpyQnqgJ51', '2017-03-10 19:48:34', 'read write', 1, 2),
(84, 'kc0kgwMwtfSBlHGDa83ToGtMEVWXO2', '2017-03-10 19:48:34', 'read write', 1, 2),
(85, 'w3SziFzHQRbcYCV5wUB2TVFdaOzkwx', '2017-03-10 19:48:45', 'read write', 1, 2),
(86, '596sH0v5QhfP8MEpmnplrvj3KyhRhf', '2017-03-10 19:48:45', 'read write', 1, 2),
(87, '3PQ1JRL0Nuzglr1SbprsEFsHrVHZ8s', '2017-03-10 19:50:36', 'read write', 1, 2),
(88, 'f4ikpCEkRTtxgSWgvHuDxwkn8UPeV4', '2017-03-10 19:50:36', 'read write', 1, 2),
(89, 'omUMAzmVJ8rtJ1aMUTIAhO6cE4z0bD', '2017-03-10 19:51:46', 'read write', 1, 2),
(90, 'Oa2s9lUoE6iTrM4RTvaAKaNiXiQyM5', '2017-03-10 19:51:46', 'read write', 1, 2),
(91, 'MPidAUDrvybkvmYsLfVeQAcyM58Kwi', '2017-03-10 19:57:22', 'read write', 1, 2),
(92, 'MrAYK7HLO7K8AQXDv4yL6TwLegOi2T', '2017-03-10 19:57:22', 'read write', 1, 2),
(93, 'GcKYGh8t2F56DafabdcQrKhE6tNLWC', '2017-03-11 18:35:25', 'read write', 1, 2),
(94, 'rlrka0m2Cwz6FxR2xGCdZ1FEAYehHA', '2017-03-11 18:35:25', 'read write', 1, 2),
(95, '3HuUcdD9yfbn1pe6QNx8B873uwvrGE', '2017-03-11 18:49:35', 'read write', 1, 2),
(96, 'N9KrSTKDrKEdf5XqnC9wfkj38aPjwn', '2017-03-11 18:49:35', 'read write', 1, 2),
(97, 'Ij2tcLIQgkAGtfuFOP5o5u3V5EIZ2p', '2017-03-11 18:51:46', 'read write', 1, 2),
(98, '49oSjefSvMOskw6lU4LImI0eRIxQTP', '2017-03-11 18:51:46', 'read write', 1, 2),
(99, 'mgcI75Dt1TnNULvq1YEW3YOYw9SvlV', '2017-03-11 18:52:09', 'read write', 1, 2),
(100, 'YCOj1XqBkPkXPQGvmr72vyrkR3zpaG', '2017-03-11 18:52:09', 'read write', 1, 2),
(101, 'X45F4fFaPQhOFHXccVIZRE3MuaumBG', '2017-03-11 18:58:13', 'read write', 1, 2),
(102, 'xjBT8zKcZYuTzk5m6HkzJZLJ5AqgBO', '2017-03-11 18:58:13', 'read write', 1, 2),
(103, 'JtJ1bmFJCvaAGb9NY2fu4DOyX9YBG3', '2017-03-11 18:59:07', 'read write', 1, 2),
(104, 'n0oQhnZYiqzxzmWchQG9F6W4ze0gCi', '2017-03-11 18:59:07', 'read write', 1, 2),
(105, '5Ky3sRcUI3vVjETjHT5cpkPFQe1EBp', '2017-03-11 18:59:27', 'read write', 1, 2),
(106, 'Zyw3EpAOgxo4Wsc5a91Yvm5Ocs7muE', '2017-03-11 18:59:27', 'read write', 1, 2),
(107, 'N7TY86lq5IwgYeXqto5JWXlB14qqot', '2017-03-11 18:59:51', 'read write', 1, 2),
(108, 'KZiFVyQlTyHvLmwXjOzdTAnyG7ZSB9', '2017-03-11 18:59:51', 'read write', 1, 2),
(109, 'w740qGcNBvPR4oCTSZ71waQtCW7Iav', '2017-03-11 19:01:01', 'read write', 1, 2),
(110, 'J5QY0Pze3AdX6CafcArDfaErROO1Wz', '2017-03-11 19:01:01', 'read write', 1, 2),
(111, 'CGTM2BDmoVvYA67l88ng1GGtgYfDid', '2017-03-11 19:01:27', 'read write', 1, 2),
(112, 'gq8arQQdm25ieqoX6hKKEkcE1lrGTA', '2017-03-11 19:01:27', 'read write', 1, 2),
(113, 'lmWEqmZ7YlnIE58VzecWg2fYnaBPOz', '2017-03-11 19:02:11', 'read write', 1, 2),
(114, 'Ao3vew5vEkiwAKrjgPmbjzoJbs8fL7', '2017-03-11 19:02:11', 'read write', 1, 2),
(115, 'mbERb1iq0dJtdTzSWEL2zEyc1lh8Mb', '2017-03-11 19:03:54', 'read write', 1, 2),
(116, 'fOn633sT4labwYLTQOeQV1HKyq77mo', '2017-03-11 19:03:54', 'read write', 1, 2),
(117, 'Ht48IPPArVMf7gJPpUuZ0waSX0FVBG', '2017-03-11 19:05:06', 'read write', 1, 2),
(118, 'y8ZL4uWxvfpaEH7UUH9VsTAl0oC9by', '2017-03-11 19:05:06', 'read write', 1, 2),
(119, '5hVaDTnVE4DnbgPfsPtvGKUFcmIZns', '2017-03-11 19:07:38', 'read write', 1, 2),
(120, 'hoif3ACvCYn6KC4LuIFAmApOh2cUhW', '2017-03-11 19:07:38', 'read write', 1, 2),
(121, 'Est65XF384lBudAVeEocjhb1rQvgT8', '2017-03-11 19:08:09', 'read write', 1, 2),
(122, 'ewsONO3JEFnaq4lULG5wS8GRtvQUJr', '2017-03-11 19:08:09', 'read write', 1, 2),
(123, 'KgKseLyHsYiS86bbwNzdVk2WApOZLb', '2017-03-11 19:08:50', 'read write', 1, 2),
(124, 'iOkcaXltssk4aDng6sEFeSNhBhXCxJ', '2017-03-11 19:08:50', 'read write', 1, 2),
(125, 'ColWPNq15M3uqbCGCynHdcVPlQ0AUg', '2017-03-11 19:10:03', 'read write', 1, 2),
(126, '2q0CH7QTwfOjFwFpHWDxDKUWWFonnE', '2017-03-11 19:10:03', 'read write', 1, 2),
(127, 'PJhAeSQuwyQ7pJdKcueFuRHdkEYklp', '2017-03-11 19:10:45', 'read write', 1, 2),
(128, 'KtbE8C1sAN33iBMNfwa9LnOGjrZ2wD', '2017-03-11 19:10:45', 'read write', 1, 2),
(129, '9g7752ki8nRxI3f5JThOC4cOnqG339', '2017-03-11 19:12:17', 'read write', 1, 2),
(130, 'oB30n2t2NFhEO9kKyxYeRIK4b85lIz', '2017-03-11 19:12:17', 'read write', 1, 2),
(131, 'WFuQtR15X1uGyFgFaM4YukgKSb1zQo', '2017-03-11 19:13:08', 'read write', 1, 2),
(132, 'hKzmqnG3YKVDOLgLSbi2aPxahwUS0K', '2017-03-11 19:13:08', 'read write', 1, 2),
(133, 'j7rUeQKnAS4jUFh84sAqDcbx4SZNZD', '2017-03-11 19:14:33', 'read write', 1, 2),
(134, 'AhVKIgQ6K4W8r1R2hTvw8s8gd7Vzz8', '2017-03-11 19:14:33', 'read write', 1, 2),
(135, '8xtUuLKRVRH3EbwUXRuDk6rwWIjvJy', '2017-03-11 19:14:50', 'read write', 1, 2),
(136, 'QIeSkeogvwD0gmNmi7LbFCQJ2QZ3q0', '2017-03-11 19:14:50', 'read write', 1, 2),
(137, 'Pis8Ahe7lPwtfDISgmT1gesFtzrG2o', '2017-03-11 19:15:12', 'read write', 1, 2),
(138, 'ZtLz35G9RE7IAjmDPjGhuT6FNlRLfK', '2017-03-11 19:15:12', 'read write', 1, 2),
(139, 'RDaFIZ7JpP1dKOboascuAB5pA4sIdg', '2017-03-11 19:16:04', 'read write', 1, 2),
(140, 'y8NLPjTVQUIebXnULVBJpx6nOqX32d', '2017-03-11 19:16:04', 'read write', 1, 2),
(141, 'aMGC9B3qCfeS9PyN6AriWWgfMY3FKC', '2017-03-11 19:16:54', 'read write', 1, 2),
(142, 'GvMR3llPufe9e87vO9kFQ9UwRGwUBH', '2017-03-11 19:16:54', 'read write', 1, 2),
(143, 'dGf0CqOF3iwKRU2c79A4vsK9qQXN64', '2017-03-11 19:17:23', 'read write', 1, 2),
(144, 'itsv71OABl8XLpqCr7etBdRbcixwdN', '2017-03-11 19:17:23', 'read write', 1, 2),
(145, 'snsU8bVNoEQDJZytQulWGwldFf3NQv', '2017-03-11 19:18:46', 'read write', 1, 2),
(146, '7mvaiHhUuhJCXHvVV2gH9TERpAqxr9', '2017-03-11 19:18:46', 'read write', 1, 2),
(147, 'NmiKwMo1f3jmuUOfwWT6wNmnihp5Ve', '2017-03-11 19:19:15', 'read write', 1, 2),
(148, 'PliThQ5SBI1Ofi6PuDa0p79Bb4VjVP', '2017-03-11 19:19:15', 'read write', 1, 2),
(149, 'gAiU7KQSOPKCzbRZ5SVo0r1VpGDeGT', '2017-03-11 19:31:58', 'read write', 1, 2),
(150, 'OaoIcnqgMlwJagg8s7sGfH5FOedvxs', '2017-03-11 19:31:58', 'read write', 1, 2),
(151, 'UbIOrELftJ4vZbRaLnhhoMD68KTf2D', '2017-03-11 19:32:37', 'read write', 1, 2),
(152, 'gfuR7VR3x3G7u3QnlCxjyrgU2WWufo', '2017-03-11 19:32:37', 'read write', 1, 2),
(153, 'H9RFurGBcUNYgplOtTLaLVWwqZhXti', '2017-03-11 19:36:40', 'read write', 1, 2),
(154, 'sGQyWv7V1TCNa9j1FFEVhKaAa5zJTJ', '2017-03-11 19:36:41', 'read write', 1, 2),
(155, 'g5Gp42EuMCVB610xgYvzqG9xQSbavt', '2017-03-11 19:38:18', 'read write', 1, 2),
(156, '9gyCbE0uUBrukM9h8kV9zHxzZ8mf5H', '2017-03-11 19:38:18', 'read write', 1, 2),
(157, '9dli0KpoukJXGXG5zOO2aSivjlXzna', '2017-03-11 20:40:52', 'read write', 1, 2),
(158, 'HrTjDuw890YKfVuawtOlrvTzXYAnf4', '2017-03-11 20:40:52', 'read write', 1, 2),
(159, 'amO47MjJU2AE78HO1HGo3JtR31ujpw', '2017-03-12 16:06:50', 'read write', 1, 2),
(160, 'ZJoPDSJFiTzujXNGuZsIvPZAyfwHEx', '2017-03-12 16:06:50', 'read write', 1, 2),
(161, 'GCj2K6q71GmH5iaVV7QPbxMNitqbNA', '2017-03-12 16:15:00', 'read write', 1, 2),
(162, 'TQIfdSGNgguGck6UK5sM7T9U2pGTJJ', '2017-03-12 16:15:00', 'read write', 1, 2),
(163, 'tKx5tgx4t5wX7bAaupSsOpsQwBlF0K', '2017-03-12 16:16:16', 'read write', 1, 2),
(164, '32EUTRNHWGspuQioOmuT7J0rKsz5DB', '2017-03-12 16:16:16', 'read write', 1, 2),
(165, '4kYMu5hGvMMgx9A4pJYw40HzSkBj1e', '2017-03-12 16:19:57', 'read write', 1, 2),
(166, 'qSfAFrH8laKAwm0M7TVWKdLtfdOqHN', '2017-03-12 16:19:57', 'read write', 1, 2),
(167, 'FOEsiVNiptVdJVPpExB3J0wOVYGdpn', '2017-03-12 16:20:41', 'read write', 1, 2),
(168, 'McgviOf4LZlED1PUo2wLSvDeKGe6vn', '2017-03-12 16:20:41', 'read write', 1, 2),
(169, 'IvttTwF1vVjfGyuSzK4ximf8IjuvMb', '2017-03-12 16:21:27', 'read write', 1, 2),
(170, 'bkrFDazuOH4rRhRHpB8lr9SNupfrS4', '2017-03-12 16:21:27', 'read write', 1, 2),
(171, 'iO8A13quvPBYjtSJBm8lrGC3XsrHGV', '2017-03-12 16:23:22', 'read write', 1, 2),
(172, 'FB4COdgL3yaHpMuyNSKE62XKepWT7h', '2017-03-12 16:23:22', 'read write', 1, 2),
(173, 'iqlL8YhvMy8AEKKsnPgeUs0aV1tqx3', '2017-03-12 16:30:07', 'read write', 1, 2),
(174, 'oN6Zg7mndgrF1MqRxgxcGdamquOVHV', '2017-03-12 16:30:07', 'read write', 1, 2),
(175, '9u8afjadxyabuMpU3gALoQiMIuCBdu', '2017-03-12 16:31:27', 'read write', 1, 2),
(176, 'yyEW6xOrEHe6OMwd7hVx7b68XzPSlQ', '2017-03-12 16:31:27', 'read write', 1, 2),
(177, 'L6wwKfxHnhSvUVspi2qP2qT3hiAGYx', '2017-03-12 16:32:44', 'read write', 1, 2),
(178, 'WF83Er9yGLcFGaYb0y1QIWu0EdGuFv', '2017-03-12 16:32:44', 'read write', 1, 2),
(179, 'CDu4mxn9gsCwaceRppIXaEZlBff74i', '2017-03-12 16:41:54', 'read write', 1, 2),
(180, 'rGg3AjdPLOEqDffQN9tblqBmJ30zJ0', '2017-03-12 16:41:54', 'read write', 1, 2),
(181, 'ZRfj124FE6SL5dJhRQS3x953sezkYF', '2017-03-13 19:46:17', 'read write', 1, 2),
(182, 'ny8nIwKXU8CFa3mty11e7JXAAbDGgJ', '2017-03-13 19:46:17', 'read write', 1, 2),
(183, 'aH0oneW9caIHLIZ3Pr9NlK1qagxF03', '2017-03-13 19:48:50', 'read write', 1, 2),
(184, 'cxpXH718AYUPbeRw1VOH6bJ4lGKkDl', '2017-03-13 19:48:50', 'read write', 1, 2),
(185, '0vE2I5nSaEhaxMmhRoiZITLfARxlqV', '2017-03-13 19:49:50', 'read write', 1, 2),
(186, 'DwZiyMtY5EsF623dVVzhenq3kHdzYQ', '2017-03-13 19:49:50', 'read write', 1, 2),
(187, 'fnRECqNcibDIWfkMhP63ZmXt8ADwmb', '2017-03-13 19:52:23', 'read write', 1, 2),
(188, 'IwvLe1AxOD9UpYoWqUM6bEJpEh4Txt', '2017-03-13 19:52:23', 'read write', 1, 2),
(189, 'bwB1l8fWf4MIVPpEqjnkgl0twzNYMr', '2017-03-13 19:55:57', 'read write', 1, 2),
(190, '2zVfNKu1Qm7BJEPu5T5PO4UCq1YdDk', '2017-03-13 19:55:57', 'read write', 1, 2),
(191, 'm01hNVSqn0haad3LURv2x3Q3094s8j', '2017-03-13 19:58:00', 'read write', 1, 2),
(192, 'pR9f6uUeXEOaZrVzMBUWZ6n9Dgj6rB', '2017-03-13 19:58:00', 'read write', 1, 2),
(193, 'cysoIFS9ZqvGs8qBvQafoSXqepGwbr', '2017-03-13 19:58:57', 'read write', 1, 2),
(194, 'IYEmaEuqzm1Iv5k3TImOd8oAdwm4cX', '2017-03-13 19:58:57', 'read write', 1, 2),
(195, '3CNco7XO2QAk0925SHhVbxgySGnFHz', '2017-03-13 20:24:20', 'read write', 1, 2),
(196, 'csIloB1APF9npKYDWtBlKkAJnM99Ug', '2017-03-13 20:24:20', 'read write', 1, 2),
(197, 'lCbp0tfeEFddcmYV9hF238P7tl9MbV', '2017-03-13 20:25:58', 'read write', 1, 2),
(198, 'Sqm6yPU488H1DGV0rbginUjwG36Xxn', '2017-03-13 20:25:58', 'read write', 1, 2),
(199, '3jVWsegrl5voXaVki9t6Urv0D17Jjw', '2017-03-13 20:29:58', 'read write', 1, 2),
(200, 'WAt8S6mvHdaFJeIv20mukPPPdh4xwW', '2017-03-13 20:29:58', 'read write', 1, 2),
(201, 'eCISSGgkTnQhWbn6zYX4sbWA54xhVY', '2017-03-13 20:36:51', 'read write', 1, 2),
(202, 'OrnmXhVAJckNMP6oOH1QtFgkAsNre4', '2017-03-13 20:36:51', 'read write', 1, 2),
(203, 'W8kepoDhVlAI7OjtAXX4MgvtAJlcgm', '2017-03-13 20:38:36', 'read write', 1, 2),
(204, '7luOtJgoUBPmilSFDzT6oRYLWJfR4a', '2017-03-13 20:38:36', 'read write', 1, 2),
(205, '8cFcx3Im1Mx2kAcXMg6OFOkdIlB7WF', '2017-03-13 20:42:28', 'read write', 1, 2),
(206, 'OFEDUT9fql8OR7IqnZLDGJVehekiFj', '2017-03-13 20:42:28', 'read write', 1, 2),
(207, 'RbUGqGGlGAEfmKIf5ecTrSIp60h9yQ', '2017-03-13 20:44:35', 'read write', 1, 2),
(208, 'wOQ2MzQHTYxAHTc7kLE1C5V22Dxohz', '2017-03-13 20:44:35', 'read write', 1, 2),
(209, 'PDTAj0vAKuu1JG7oSTlqRbSrlpRdT6', '2017-03-13 20:49:36', 'read write', 1, 2),
(210, 'y1xXRFdyymBB7FBODtWnLKYlh1xHB1', '2017-03-13 20:49:36', 'read write', 1, 2),
(211, 'zb9TOuI79Pg7a74dL2O41uX7CnekPC', '2017-03-13 20:51:26', 'read write', 1, 2),
(212, 'gT9Nb4XhQEZairPPsu5iDJAQa1XP5J', '2017-03-13 20:51:26', 'read write', 1, 2),
(213, 'oZktn0KtDVtb6cefVb5mAFy26eEnNZ', '2017-03-13 20:53:23', 'read write', 1, 2),
(214, 'S3m3Qz8Fco3mWlUhN6r40YYZqON1oB', '2017-03-13 20:53:23', 'read write', 1, 2),
(215, 'uZhOmOUEUXhgRqfbgilE11QlaSUgm1', '2017-03-13 20:55:39', 'read write', 1, 2),
(216, 'JDOjfArv7QuUH1Mj0BfqcZMFNaV6WM', '2017-03-13 20:55:39', 'read write', 1, 2),
(217, 'qQXK8khFpe8qgzOPQBezovkhbKXifG', '2017-03-13 20:59:22', 'read write', 1, 2),
(218, 'cY0iAXDBgu4bR6RZbzJI1u6WNK7hLW', '2017-03-13 20:59:22', 'read write', 1, 2),
(219, 'KvM8qwuz5pFlyAArR6s7OEgVFIncZ4', '2017-03-13 21:00:41', 'read write', 1, 2),
(220, 'Mf5qkx7Ihql17LvEYznmQKHoUf05Ta', '2017-03-13 21:00:41', 'read write', 1, 2),
(221, '3wKnBXBZFba2AjNJ8lccFWdcOf4vkD', '2017-03-14 01:07:07', 'read write', 1, 2),
(222, 'gyNS6CZyvMV4jevWz3HhRZabfdHg7C', '2017-03-14 01:07:07', 'read write', 1, 2),
(223, 'OXJJglDgC3H9TsVs6EclY0GVEnEheh', '2017-03-14 01:12:55', 'read write', 1, 2),
(224, 'F6yYHmj3NHIKR2SR3zP5fr5XWpANmO', '2017-03-14 01:12:55', 'read write', 1, 2),
(225, 'QJbGopFbaHl6bX0YjUTvvPXF07wJyC', '2017-03-14 01:15:09', 'read write', 1, 2),
(226, 'OGnAX7wT47RqeYXj7hfVnOKjjEIBGr', '2017-03-14 01:15:09', 'read write', 1, 2),
(227, 'rrPJeVpCScYf0PIV4g4P1U4VZXhi8H', '2017-03-14 01:52:56', 'read write', 1, 2),
(228, '5lbmAfb1iULy4P2lseLnfrF16uHFtr', '2017-03-14 01:52:56', 'read write', 1, 2),
(229, 'XEzYAR3M2daLmcLymZHnv1ZRCv82UB', '2017-03-14 01:53:53', 'read write', 1, 2),
(230, 'SRU5g7bDjZNScdFdJGFWIrdsp5L7wD', '2017-03-14 01:53:53', 'read write', 1, 2),
(231, 'ElLCjwVZsP2UBKsKjg269f3VFTyEN9', '2017-03-14 01:55:09', 'read write', 1, 2),
(232, 'qfDmJ2rdoukcTZP2iEEeJI9dL0gY7s', '2017-03-14 01:55:09', 'read write', 1, 2),
(233, 'BZecBzxehcLYj0tFu66MuOPh2CzXam', '2017-03-14 02:00:11', 'read write', 1, 2),
(234, 'tfzVTNfDix7s1dRKBOrpbVAxMBg8tF', '2017-03-14 02:00:11', 'read write', 1, 2),
(235, 'FgOC5pK50GVsGzjcr5kdSI77tpBYVv', '2017-03-14 02:05:37', 'read write', 1, 2),
(236, 'BlHgdFztWR4i7pKGZOFV9kwLcTgmc7', '2017-03-14 02:05:37', 'read write', 1, 2),
(237, 'PW7a795AKyTI9Bi8SOVn8QreE4mtPp', '2017-03-15 03:11:58', 'read write', 1, 2),
(238, 'XFN5xGgz3KzDwOT4x7cSjWBTSKzWR1', '2017-03-15 03:11:58', 'read write', 1, 2),
(239, 'Foc889y6xGCGmNO5Uj6OS5nzxj6mmO', '2017-03-15 03:26:35', 'read write', 1, 2),
(240, 'WCcWbC7DVb12gViDIRcZQsPWwqYK97', '2017-03-15 03:26:35', 'read write', 1, 2),
(241, 'bMMZ6P5gnrH7CFI20X95bqThTH2HC3', '2017-03-15 03:41:33', 'read write', 1, 2),
(242, 'MjpyrzeOiNOTf0ZcUSbvAkWRvUqCbs', '2017-03-15 03:41:33', 'read write', 1, 2),
(243, 'VqW8pXsiz1rXXqsUTP6wzA9ZViMudB', '2017-03-15 04:00:46', 'read write', 1, 2),
(244, 'cJBMaEOGlDIE5StI4jKb2ceVpS5tuT', '2017-03-15 04:00:46', 'read write', 1, 2),
(245, '3TNXDmg3lL3TKxWq4G9Iz33mmOGKAS', '2017-03-15 05:05:11', 'read write', 1, 2),
(246, 'C49cgCGrx7qehbHSgfdRODodpfRjwr', '2017-03-15 05:05:11', 'read write', 1, 2),
(247, 'odKPCoaWvDtIKpU38IdUqgXRMZHxca', '2017-03-15 06:12:00', 'read write', 1, 2),
(248, 'OWShCXDP2o4KDpTgnLomvzJe3qH2uD', '2017-03-15 06:12:00', 'read write', 1, 2),
(249, 'pMbpNssfIEAOhbSeom2uopUPVyasqn', '2017-03-15 18:19:09', 'read write', 1, 2),
(250, 'DheGycW9LJGrfVPgNnjXNrqdwawu5z', '2017-03-15 18:19:09', 'read write', 1, 2),
(251, '68ojhLd90VRvzQk0lEMeIa71gkOsKQ', '2017-03-15 18:36:30', 'read write', 1, 2),
(252, 'v65ujkKmRKKBkM5bokBZOLalmhzfE7', '2017-03-15 18:36:30', 'read write', 1, 2),
(253, '4dSbmCWqIqypr8sFBrFfoluKFFGBZ0', '2017-03-16 21:24:14', 'read write', 1, 2),
(254, '8A9J14WkRcuUPJFRDVEyaPrYOYidCm', '2017-03-16 21:24:14', 'read write', 1, 2),
(255, '4wXh5lxDnuCQ1cq52MpSgKjhxdafh6', '2017-03-16 21:47:09', 'read write', 1, 2),
(256, 'uWuhCiJEGit3YKc4lW38M1mZe5n0iq', '2017-03-16 21:47:09', 'read write', 1, 2),
(257, 'Zir8VdDLDDmwBImsofSjAp1z5r6xJ9', '2017-03-16 22:01:48', 'read write', 1, 2),
(258, 'OkvYzjDQ3Ho99L0beogfwYduvaorQE', '2017-03-16 22:01:48', 'read write', 1, 2),
(259, 'TbPhbqC9SFQuCj4JODzEHaG5HgayoQ', '2017-03-16 22:25:21', 'read write', 1, 2),
(260, 'K6Zn2niF5NOAZg4dLi8hNnNhFLGbW1', '2017-03-16 22:25:21', 'read write', 1, 2),
(261, 'ToIjCEwNfTx92RIK2EL3pbFMcI9L2V', '2017-03-16 22:26:00', 'read write', 1, 2),
(262, 'XaJP4CfcKMNOiLs0ouughIB50rDG1z', '2017-03-16 22:26:00', 'read write', 1, 2),
(263, 'cZnP67Qu9Uqr5tF9HbxvHZ26r1iaWV', '2017-03-16 22:27:51', 'read write', 1, 2),
(264, 'TNsDcbOOzcovAc9GPDSQHgCXv0KFga', '2017-03-16 22:27:51', 'read write', 1, 2),
(265, 'S218ZkWJ0pMwSE5u9iVEERqhAe5MU5', '2017-03-16 22:28:32', 'read write', 1, 2),
(266, 'caRqL0d9UfxWvgUyc5XwBLQ1AS81Fb', '2017-03-16 22:28:32', 'read write', 1, 2),
(267, '07xJRzTjH4hxAKwznVsBfa3GE6GOiG', '2017-03-16 22:30:03', 'read write', 1, 2),
(268, 'BgQZbvKkaPDPmFeTAdS4HMb4JizylT', '2017-03-16 22:30:03', 'read write', 1, 2),
(269, 'KxCJDqrbPgM7LxGZQOkMmSWgZUoMBw', '2017-03-16 22:37:22', 'read write', 1, 2),
(270, '1qShkX64qhnAWDas3zc4KWT3Erx7AZ', '2017-03-16 22:37:22', 'read write', 1, 2),
(271, 'V1yIrhLe1qrUGTpLpZQIWlMgIARgxQ', '2017-03-16 22:38:40', 'read write', 1, 2),
(272, 'qbMehpyOIXBsEtoOan4SlkL7XTH5Ev', '2017-03-16 22:38:40', 'read write', 1, 2),
(273, 'QuWiDgwMfKxkGrHB3lsg7s28H82a5x', '2017-03-16 22:45:16', 'read write', 1, 2),
(274, '9bkYBKIls3qBtJoDlPbad4LkrN58nr', '2017-03-16 22:45:16', 'read write', 1, 2),
(275, 'KxA5bp6X9blcxxqbhObHoWIYYuuHui', '2017-03-16 22:46:58', 'read write', 1, 2),
(276, 'qd9Rtt2HtMsqeSK6vLSVfhRoE4sKo8', '2017-03-16 22:46:58', 'read write', 1, 2),
(277, 'fnPd0FRBLUgKLanSTinmb9FnULQifZ', '2017-03-16 22:51:51', 'read write', 1, 2),
(278, 'RUa4rrw3Kd5qcW7a7TuSwPxeRM85ph', '2017-03-16 22:51:51', 'read write', 1, 2),
(279, 'cSoA8EcK1SNlYX8hUpWm4ipH0pS9xI', '2017-03-16 23:14:04', 'read write', 1, 153),
(280, 'Dvw8oi2wGHKAQsGoN8Na0CbC7WOuCB', '2017-03-16 23:14:04', 'read write', 1, 153),
(281, '91FvfV4pZTirc1OSWkN74GdDHQmuIn', '2017-03-16 23:14:43', 'read write', 1, 153),
(282, 'QubAhTHLGh2KVNjNVwsJ6DdM5eUE5R', '2017-03-16 23:14:43', 'read write', 1, 153),
(283, 'XCMPjQJoxCXJuaZduD5JJnJEvc6KxG', '2017-03-16 23:21:15', 'read write', 1, 153),
(284, 'vPCgUTDet0mfXxTSyThRc0MBRaVT04', '2017-03-16 23:21:15', 'read write', 1, 153),
(285, '0idxsXtaWETGCM8wykQyU3apn1bfi6', '2017-03-16 23:22:36', 'read write', 1, 153),
(286, '5RPsOozsXIneLGER8DJZttKBuzBUbv', '2017-03-16 23:22:36', 'read write', 1, 153),
(287, '2FypoQq90MaIWD0Q7d8u7E0BTtkZ3u', '2017-03-16 23:25:25', 'read write', 1, 153),
(288, 'oCyEtWS7lJyxEP2JJ4HU3J9gGosSYB', '2017-03-16 23:25:25', 'read write', 1, 153),
(289, 'JKznM2SR4FQHl27MX3eAGIOQvQfYcq', '2017-03-16 23:27:23', 'read write', 1, 153),
(290, '7YI9lb6yARsF1PFBlSZoeQ3ifpiE6L', '2017-03-16 23:27:23', 'read write', 1, 153),
(291, 'L4gp9JzT3XvSjJrPP6BLwr20xM12BM', '2017-03-16 23:30:30', 'read write', 1, 153),
(292, 'Kq5VpUkl9xJsuUXmkKrTGpaOgHgfhR', '2017-03-16 23:30:30', 'read write', 1, 153),
(293, 'ysMiQE2KQksJnH8RZ3AWsb2Z2Zfgqp', '2017-03-16 23:32:43', 'read write', 1, 153),
(294, 'tINh9EdD8ht451Bcd24gDPFwmoMZXI', '2017-03-16 23:32:43', 'read write', 1, 153),
(295, 'xeDaXDpyuZeyjFTD9HxN3pAIa3AWeq', '2017-03-16 23:37:12', 'read write', 1, 153),
(296, 'AaIRE7ot9oYAVXbOYxsJkbin2VNKng', '2017-03-16 23:37:12', 'read write', 1, 153),
(297, 'NhSWDCEkp0ZOmQw284MdhlMvKhOdKs', '2017-03-16 23:38:40', 'read write', 1, 153),
(298, 'gFG9O9e2xUndcJ0kAmNokMUTBSDVEl', '2017-03-16 23:38:40', 'read write', 1, 153),
(299, 'tpVdfRUxEg1sLJvIhzm0HoghEPaAVf', '2017-03-16 23:44:42', 'read write', 1, 153),
(300, '40F2AtadGHvjCnUP9vq5cREABrUhkA', '2017-03-16 23:44:42', 'read write', 1, 153),
(301, 'otgeGY8Ell4ewIawHaqf9V98LYPjmm', '2017-03-16 23:47:08', 'read write', 1, 153),
(302, '8jsyaGKD2QEEnBLK94WNkK2H4M7UPU', '2017-03-16 23:47:08', 'read write', 1, 153),
(303, 'yfflT1ktlsxneveyEWGILHQeWpcVZI', '2017-03-16 23:48:32', 'read write', 1, 153),
(304, 'DPNGWXXwV9LJytLXv1Wn0VIhiU2ETh', '2017-03-16 23:48:32', 'read write', 1, 153),
(305, 'NKWdyi1ZSdQFeVnPsljJWbUEabkiN9', '2017-03-16 23:52:55', 'read write', 1, 153),
(306, 'aisL6FvVp5pNclG5shdWY6apfhOnCZ', '2017-03-16 23:52:55', 'read write', 1, 153),
(307, '4aD64hDCOpa5rLwmjGxBsB1lujotHf', '2017-03-16 23:54:19', 'read write', 1, 153),
(308, 'm0cIzNu46gGoe5Tw2pyQvM0Hdtzp7V', '2017-03-16 23:54:19', 'read write', 1, 153),
(309, 'jVEZYZQPrigqSmFLHyZSRnpTLyKc7H', '2017-03-16 23:54:40', 'read write', 1, 153),
(310, 'UUN4OAXDaO8iPIDoKsixjcKSEuU62P', '2017-03-16 23:54:40', 'read write', 1, 153),
(311, 'vL28DziOqRMRB37MnbDOnDQWpGQEzo', '2017-03-16 23:56:10', 'read write', 1, 153),
(312, 'jNoLj0xX02bLwUxiapPSCANJITyZ8c', '2017-03-16 23:56:10', 'read write', 1, 153),
(313, 'I5en476pULvICjM3cAyRu1Egc4IbTH', '2017-03-16 23:56:40', 'read write', 1, 153),
(314, 'NcA0zfXfmujkGkM5ChpFechNuYBp3I', '2017-03-16 23:56:41', 'read write', 1, 153),
(315, 'SLBSD6uw4Pwb35qsEzsIhm1ylMnEF3', '2017-03-17 00:01:01', 'read write', 1, 153),
(316, 'j6oVG1OhWdsIhbMplnlvhYutYwQgRn', '2017-03-17 00:01:01', 'read write', 1, 153),
(317, 'AZbL9TiRckBUxFvcw8LA8QZZiDhD4K', '2017-03-17 00:02:21', 'read write', 1, 153),
(318, '1JiZsa6VQ3rLNfnIhTV7ZYne610QFx', '2017-03-17 00:02:21', 'read write', 1, 153),
(319, 'wjVHVXaMkf9acqT1nv8Ei19Tg7A0GB', '2017-03-17 00:03:19', 'read write', 1, 153),
(320, 'tC029RSzwwcJ1EDpU1AuqC7XAf90mp', '2017-03-17 00:03:19', 'read write', 1, 153),
(321, 'tIOENvcvxBskkJYOdiJ7NXuEk329hO', '2017-03-17 00:03:49', 'read write', 1, 153),
(322, 'Sd6HTstRUY3QG67FxOaFJMMMtLejUt', '2017-03-17 00:03:49', 'read write', 1, 153),
(323, '6U8xYddJX2GTeHI8HTSzVAOXsddJhR', '2017-03-17 00:05:28', 'read write', 1, 153),
(324, 'OOsluRbdE59BRz1Ioh9mKUiB9IRPZB', '2017-03-17 00:05:28', 'read write', 1, 153),
(325, '4QNzYyd2iIgcfHqmEKaNpe0uRXNBHH', '2017-03-17 00:06:11', 'read write', 1, 153),
(326, 'baAv7HS17sw3uJe0jtREsr4iWE8F3s', '2017-03-17 00:06:11', 'read write', 1, 153),
(327, 'bBwXjqfVLWuJfJ29uwuRAj0v8SZ7ec', '2017-03-17 00:11:19', 'read write', 1, 153),
(328, '19WwLn26Cpvlir0cTEVuBWulRq8DQy', '2017-03-17 00:11:19', 'read write', 1, 153),
(329, 'Rg8im1wh0MylYv8G2CYbZ2k4nm0oLz', '2017-03-17 00:21:41', 'read write', 1, 153),
(330, 'MSR3eQM1rc6ZNA6jkyC1lqrGkmb11y', '2017-03-17 00:21:41', 'read write', 1, 153),
(331, 'e00YWiJjx7tgiUJN8SZKzBae93VlR6', '2017-03-17 00:22:18', 'read write', 1, 153),
(332, 'vMf6DeKKIgjhHFuQXiemYGXRWL0P97', '2017-03-17 00:22:18', 'read write', 1, 153),
(333, '07ig4NT52HjqSzknr1PUxBtw4FBxBk', '2017-03-17 00:23:32', 'read write', 1, 153),
(334, 'TtTU4NmRZZxv2cogFOijq6f3rjhMf8', '2017-03-17 00:23:32', 'read write', 1, 153),
(335, 'QKp6EG8DTV9cHuogLyo7WnLbBzqVDh', '2017-03-17 00:23:55', 'read write', 1, 153),
(336, 'SO89bYckH5jgahReyZRddNH7wbfSiB', '2017-03-17 00:23:55', 'read write', 1, 153),
(337, 'hixHXgHxupaNEH6PGdmLNioDUjSjDy', '2017-03-17 00:29:13', 'read write', 1, 153),
(338, 'e5MeCYZmaZLOChbtfUADxAHkpSVTya', '2017-03-17 00:29:13', 'read write', 1, 153),
(339, 'Vq64fI1OjqeY04h8o1sMCxEG0IwAG9', '2017-03-17 13:09:04', 'read write', 1, 153),
(340, 'siAfyQleUPyRBsEAS7D8JVWtzI0htH', '2017-03-17 13:09:04', 'read write', 1, 153),
(341, '6Vo1WTyjj1aMMoBNdWU4PubIhCEmNb', '2017-03-17 13:10:01', 'read write', 1, 1),
(342, 'mY5sk1qSdsrTBRTcqajGl0gJtP5gxH', '2017-03-17 13:10:01', 'read write', 1, 1),
(343, 'Y1qadsfAvqnbNNgKPJcsGqa8oGXncY', '2017-03-17 13:18:51', 'read write', 1, 1),
(344, 'PEmYn9CoSuGndJVIfnyL4O6yCJBJ1l', '2017-03-17 13:18:51', 'read write', 1, 1),
(345, 'BSQHftQUCjEReURWDlXOIZ9a0CL5E4', '2017-03-17 13:19:08', 'read write', 1, 153),
(346, 'Ozp6XkqO9b5MDTK2w6Z6kHPnlG28ou', '2017-03-17 13:19:08', 'read write', 1, 153),
(347, 's1n0DjO9mUkSVaqbJynGwZ7r1WGdZU', '2017-03-17 13:19:31', 'read write', 1, 153),
(348, 'FxDrpXwd1zUuqDeWkR6OIWqdkLQN1U', '2017-03-17 13:19:31', 'read write', 1, 153),
(349, '82OSw1xtw2DrfRZSXqkjJMD1IM32HJ', '2017-03-17 13:19:31', 'read write', 1, 153),
(350, 'o6l0bYrzL6vXjOS5OCwmWSjCgSIEDz', '2017-03-17 13:19:31', 'read write', 1, 153),
(351, 'ensBz18hU8v4FvpJO7aiGiUdTOlhKU', '2017-03-17 13:45:37', 'read write', 1, 1),
(352, '6hPmLlqZrTRHHFDMMY661M79xJ0Cig', '2017-03-17 13:45:37', 'read write', 1, 1),
(353, 'io87G7nIeoFrvnfPI0uUYHl4HImko2', '2017-03-17 13:47:29', 'read write', 1, 1),
(354, 'ttCgks9DAZbA8by6BIb61qXU9xOfo9', '2017-03-17 13:47:29', 'read write', 1, 1),
(355, 'QKOSCNAjcb9bPE04SA4w16DUf7vSV9', '2017-03-17 13:48:24', 'read write', 1, 1),
(356, '1JAilM6aR26JM3cPEmBbOO2oogOSiV', '2017-03-17 13:48:24', 'read write', 1, 1),
(357, '1YCpfwQPodg4FOdNlTP855C0I2v4h1', '2017-03-17 13:49:14', 'read write', 1, 153),
(358, '3v0ytvpl3xsu6UlAEouH8fM4zr3dE2', '2017-03-17 13:49:14', 'read write', 1, 153),
(359, 'NFt2xYt5vGC47ffNFldtgUj2j4GRze', '2017-03-17 13:53:34', 'read write', 1, 1),
(360, 'Y43cxiDJutbDHhHadJTPAG4Zt0Ug3V', '2017-03-17 13:53:34', 'read write', 1, 1),
(361, 'MNenmo4mFd8xfL6y2pxtXNXMYRNjEW', '2017-03-17 13:54:10', 'read write', 1, 1),
(362, '57w1JGujgIyFDWGMRU6hXN5HRPDxXv', '2017-03-17 13:54:10', 'read write', 1, 1),
(363, 'o2o3UGkegQMfZlJAh5bhCFI8uval7B', '2017-03-17 13:55:06', 'read write', 1, 1),
(364, 'vEXC0HcV8Mg3CJEI8UXBFlhMLQG6qV', '2017-03-17 13:55:06', 'read write', 1, 1),
(365, 'DjNf6p9ONnU0VXWJIKPnzTYsdKuqdg', '2017-03-17 13:57:35', 'read write', 1, 1),
(366, '1RK9cqtUqp5GonEJ9kVEQ2M8aRJtxH', '2017-03-17 13:57:35', 'read write', 1, 1),
(367, 'mKtLLtP432aIL9yXnAuDu2Q5Vp1Wsx', '2017-03-17 13:58:17', 'read write', 1, 1),
(368, 'eHLQtpXiHPraizF6GCuv7M4XdXfQM4', '2017-03-17 13:58:17', 'read write', 1, 1),
(369, 'VBkS6WP7YIZHrOVy1gTcShedRz7iR1', '2017-03-17 13:58:31', 'read write', 1, 153),
(370, '5JyMB0k385hz2DvjwAPKXnCI1ZACGx', '2017-03-17 13:58:31', 'read write', 1, 153),
(371, 'OIw7lZZhALDw0Aj5hF7epUBQIEcQBR', '2017-03-17 14:04:39', 'read write', 1, 1),
(372, 'HBmYJpz65lpmasZbKyd2kGjUju6UnY', '2017-03-17 14:04:39', 'read write', 1, 1),
(373, 'HxAv29jQE1927zRmVOdTF8BqZEZA8g', '2017-03-17 14:10:05', 'read write', 1, 1),
(374, 'uh2TCQSpyUfSLpodX3SCUSGvl6OHJR', '2017-03-17 14:10:05', 'read write', 1, 1),
(375, '04TGdk9rBeZA7C8SaJUvhZboET4PF9', '2017-03-17 14:11:29', 'read write', 1, 1),
(376, 'ix4BUCmFVyzH75XXNlXgBTvGf9YQj0', '2017-03-17 14:11:29', 'read write', 1, 1),
(377, 'TowYHpH9qJQboK4kIgAl1KgTkPe6aO', '2017-03-17 14:12:25', 'read write', 1, 1),
(378, 'OcCyf6wR2eBzEkHTVhskEwgFXD13fb', '2017-03-17 14:12:25', 'read write', 1, 1),
(379, 'p3tQx21QgXjRDLy9Fz4qjGlx07GEgD', '2017-03-17 14:17:18', 'read write', 1, 1),
(380, '5OsevfERsFH7AqTGn2SVRCPU57DwZN', '2017-03-17 14:17:18', 'read write', 1, 1),
(381, '2LWV6nL08YdAUetL6y7IuBR066XrFf', '2017-03-17 14:19:52', 'read write', 1, 1),
(382, 'zzmYmsEkMda9Py6Loq8cvvemxZgX4F', '2017-03-17 14:19:52', 'read write', 1, 1),
(383, '9Z6fGmDMNIH8vxglu3pGh8JUDZSNxO', '2017-03-17 14:24:50', 'read write', 1, 1),
(384, '9dNmAkQOLTNilOV9tgcnf4Em0pnQ44', '2017-03-17 14:24:50', 'read write', 1, 1),
(385, 'cvp4TzmLNe9DjTjqUO1vLwHlzscP51', '2017-03-17 14:30:54', 'read write', 1, 1),
(386, '3x27fsDvhPJNF2iMglyOHAKmzyPYRv', '2017-03-17 14:30:54', 'read write', 1, 1),
(387, 'NWXzTjwWlpptRrdt9OYT5kRnAZZdWj', '2017-03-17 14:31:25', 'read write', 1, 1),
(388, '7g81xGginCSoXtrRfmFiFJO8rKaapF', '2017-03-17 14:31:25', 'read write', 1, 1),
(389, '6TAjULi97dSiHCoAcpUOjMZTYolenV', '2017-03-17 14:51:47', 'read write', 1, 1),
(390, 'EjBE0puf6A2i2AquYsE572jgRj1Sje', '2017-03-17 14:51:47', 'read write', 1, 1),
(391, 'vyjp62yHCs8VveqnB13CVZQ2drOGeO', '2017-03-17 14:52:19', 'read write', 1, 1),
(392, 'w3xgWOJLydUlmMWkwGgW7rqh62VbiM', '2017-03-17 14:52:19', 'read write', 1, 1),
(393, 'EiPdz1ZjLnGhN15kMimLMAVbk179HZ', '2017-03-17 14:52:52', 'read write', 1, 1),
(394, 'p31rmGMoE0abUhNbUlqdiu2HLUP8Bn', '2017-03-17 14:52:52', 'read write', 1, 1),
(395, '8owyc5yCwDibL7JzsmSEXEvKdaMQVA', '2017-03-17 14:53:24', 'read write', 1, 1),
(396, 'ph8tI3BkjWjdIfaDEBxY9CosqrkwRH', '2017-03-17 14:53:24', 'read write', 1, 1),
(397, 'KA3wLIrap4D1ibuxWuefeqnlmnhHJr', '2017-03-17 14:54:42', 'read write', 1, 1),
(398, '2fP0uCXepTUBW8jJhYOcGsBp9r6xHX', '2017-03-17 14:54:42', 'read write', 1, 1),
(399, '7PHJ91VROgL7tn4F4JBAYDe4EA95V4', '2017-03-17 14:56:19', 'read write', 1, 1),
(400, 'rh5aLKCbCMMj0Riswas3ywt6xkFSZs', '2017-03-17 14:56:19', 'read write', 1, 1),
(401, 'UBPrD0XRaqdCd7hn5lyT3due61CuBT', '2017-03-17 14:57:04', 'read write', 1, 1),
(402, 'ykKQvzY1yOnYKVqi0ELGoJtGhYhawQ', '2017-03-17 14:57:04', 'read write', 1, 1),
(403, 'd1ebckhtZ53FX3l4UGaI8kPF9tcOV5', '2017-03-17 14:58:11', 'read write', 1, 1),
(404, 'QldjOAFCzrWz1kgURQWHgb9DdjWNTd', '2017-03-17 14:58:11', 'read write', 1, 1),
(405, 'acXT8HI04VytQ5fTWP3Hg9BW4OXZ1t', '2017-03-17 14:58:39', 'read write', 1, 1),
(406, 'TR0aEzsAUljYZdYygk03thqgh6afAY', '2017-03-17 14:58:39', 'read write', 1, 1),
(407, 'ONLSRov8MDy1MHhAfSY4HVvS3SZDul', '2017-03-17 14:58:39', 'read write', 1, 1),
(408, 'aHloPh58EPoHvR3EZ2kd9yzmVemhOY', '2017-03-17 14:58:39', 'read write', 1, 1),
(409, 'dpgY32siJUGlrQ7xTKBIbZ9f9ekOvv', '2017-03-17 15:02:40', 'read write', 1, 1),
(410, 'fOfx8l2hBpG8wT01eiU8kLcamIeags', '2017-03-17 15:02:40', 'read write', 1, 1),
(411, 'Gs4gLT8EN46fgOeQyZlldLOL5U3Tty', '2017-03-17 15:04:49', 'read write', 1, 1),
(412, 'KQPhU7d0wfwZaGqp6UpqfNVHGseb00', '2017-03-17 15:04:49', 'read write', 1, 1),
(413, 'DYjwNw8MYHWezP6tARbOGiO4kDJ1PB', '2017-03-17 15:05:42', 'read write', 1, 1),
(414, '4GcRyFA4bocKo7AmVuX7iTwsWez7uA', '2017-03-17 15:05:42', 'read write', 1, 1),
(415, 'FsFfLsa7WQJhM9KqXwKimXLqWoQGM8', '2017-03-17 15:06:08', 'read write', 1, 1),
(416, 'jKuTKbLE0myNUJhnhaoMEHm7ftSeJd', '2017-03-17 15:06:08', 'read write', 1, 1),
(417, '1nPhv0S9ZWtmt0swdbaGJjxfvaww9T', '2017-03-17 15:07:04', 'read write', 1, 1),
(418, 'WPDGOVJtY96ABn4bedPD9VHmrFmZsR', '2017-03-17 15:07:04', 'read write', 1, 1),
(419, '4JLZmb6rm9zubxYQcLS0xnyg3riKQW', '2017-03-17 15:07:34', 'read write', 1, 1),
(420, 'YeLzHne7z1erkkARfNxoR1HepDwgaC', '2017-03-17 15:07:34', 'read write', 1, 1),
(421, 'r2j2VEDVKAwNxb2Czu4m8S6Jg6764P', '2017-03-17 15:08:34', 'read write', 1, 1),
(422, 'aE6YZiVac4zOtFPsaifvD86tcV55aF', '2017-03-17 15:08:34', 'read write', 1, 1),
(423, 's5Xr8Ivhax8frETBYbsm3KlbIaujZW', '2017-03-17 15:09:40', 'read write', 1, 1),
(424, 'SROH8XouwjudkKKxURavAk9xeGV7zx', '2017-03-17 15:09:40', 'read write', 1, 1),
(425, 'dyIejWitEUuV66kIEVoJgJvQd6RB0e', '2017-03-17 15:10:16', 'read write', 1, 1),
(426, 'IZqTVsC4sXyibqu9KMmbp7CAdaQdfW', '2017-03-17 15:10:16', 'read write', 1, 1),
(427, 'CgdhlyWKkaBeGLLjZy77y1XVM6Q9XU', '2017-03-17 15:13:24', 'read write', 1, 1),
(428, 'rPjonXOMRhb79TPyKnXeA7h6gNDOdn', '2017-03-17 15:13:24', 'read write', 1, 1),
(429, '7jcJ3TfxUGe75O4nmSGTs5USOqwxRN', '2017-03-17 15:14:40', 'read write', 1, 153),
(430, 'IYz3159RDHVYcqqrU5U2mo8BC1AxLH', '2017-03-17 15:14:40', 'read write', 1, 153),
(431, 'qyK9CH2tOEwPJ3qrq099XAJPzXgSGe', '2017-03-17 15:23:36', 'read write', 1, 153),
(432, 'b9bamJdLGjW2HH1zMpSSNpgbNfsQRQ', '2017-03-17 15:23:36', 'read write', 1, 153),
(433, '5oSnJ27olqlU6pjp739HbU6iNZ9Cbj', '2017-03-17 15:26:23', 'read write', 1, 153),
(434, 'zbm1lpPKYYwlYlMAO5qnDf8svJabme', '2017-03-17 15:26:23', 'read write', 1, 153),
(435, 'kv7estsdhEwoVYyvAV5Y4SAmsw0TgX', '2017-03-17 15:26:52', 'read write', 1, 1),
(436, 'dYp7EBjyvmkmrDdh4GkMzTfM4fHlql', '2017-03-17 15:26:52', 'read write', 1, 1),
(437, 's94SgsSHQ4U06Uk1R4PVImff6Owv5V', '2017-03-17 15:27:59', 'read write', 1, 153),
(438, 'UMsWLlNUxJy3349URCkgHM7eVvapbu', '2017-03-17 15:27:59', 'read write', 1, 153),
(439, 'DgantWLfsqRuu4k7rzVrdPHKmp1dbi', '2017-03-17 15:30:31', 'read write', 1, 1),
(440, 'W0ft96cDhXgVkLTbPOinauyzCUaxLP', '2017-03-17 15:30:31', 'read write', 1, 1),
(441, 'EBhus5z7730FidJRKt2gnXMuwD6XQ3', '2017-03-17 15:31:18', 'read write', 1, 153),
(442, '2WqSJ5rP2ZLjpupyi1MyuYgRQSJ39r', '2017-03-17 15:31:18', 'read write', 1, 153),
(443, '3ur5x0ZEki4Si8sGp5DZRNyku6nEv9', '2017-03-17 15:31:46', 'read write', 1, 1),
(444, 'tRgfjGDnSzuT10STKhtC5lXSTeXS2r', '2017-03-17 15:31:46', 'read write', 1, 1),
(445, '6eGFNEMLkIO3tEnam92O631tfAVPtw', '2017-03-17 16:50:13', 'read write', 1, 153),
(446, 'qnXpZedgE9taJ1O21wgVpfthlq1t4J', '2017-03-17 16:50:13', 'read write', 1, 153),
(447, '9D42r0BZAQFsePZrdMWb3h9GP8KcOz', '2017-03-17 16:51:16', 'read write', 1, 153),
(448, 'dL28VzwQvyRM3bSkSaEDnYzosDqNBp', '2017-03-17 16:51:16', 'read write', 1, 153),
(449, 'hUEf53XHUShzyd33UK8rzMaL1ZUTgL', '2017-03-17 17:08:55', 'read write', 1, 153),
(450, 'QIbrlHbrSXWnXL6CaAtKYiWqHhnpfc', '2017-03-17 17:08:55', 'read write', 1, 153),
(451, '7y6Svxq6nbKFjzp608dLHR9D9AqZQR', '2017-03-17 17:10:05', 'read write', 1, 153),
(452, 'p9K7rQ5use92Kw1R4I7uJF6El0WFQ2', '2017-03-17 17:10:05', 'read write', 1, 153),
(453, 'hxOwQAtei2EuaKPlmLtO4HG0UHeE0F', '2017-03-17 17:12:25', 'read write', 1, 153),
(454, 'UkEcmRqh9Jjycb8g4fzX28fr1JeGB2', '2017-03-17 17:12:25', 'read write', 1, 153),
(455, 'hAH7nMyChXEGjVLUrxtF0hzHTsiYwO', '2017-03-17 17:13:34', 'read write', 1, 153),
(456, 'kOOzt3A14jWhpvLlCzcbygHOaxZqvm', '2017-03-17 17:13:34', 'read write', 1, 153),
(457, 'Zha4nZZEOF9SmfCkHocSzonNtcBfpQ', '2017-03-17 17:15:19', 'read write', 1, 153),
(458, '5eRzWlzkHl3UYRa5tDCCQLBgKLe9PB', '2017-03-17 17:15:19', 'read write', 1, 153),
(459, 'vGwPVevxC3MUxIxz6fs5CQovBVX7KO', '2017-03-17 17:20:44', 'read write', 1, 153),
(460, 'wunACUa3qZyaGJk382ugB1lu0vefKR', '2017-03-17 17:20:44', 'read write', 1, 153),
(461, 'rQ4Bm9GZQ7trkPVjHybozscaT1ANpK', '2017-03-17 17:22:40', 'read write', 1, 153),
(462, '4eDRr5z9W9Tadas2Xau3R9NODZmYaU', '2017-03-17 17:22:40', 'read write', 1, 153),
(463, 'ccYanNF2YRPFJKGAjd3xACZJA6ssNr', '2017-03-17 17:23:03', 'read write', 1, 153),
(464, 'kdJ6AeMDSbtuHEQ0bEXfEKXYzvNCtX', '2017-03-17 17:23:03', 'read write', 1, 153),
(465, 'oC1rn9r5jFjBEmPKgpKnJbCjhQ74cb', '2017-03-17 17:34:14', 'read write', 1, 153),
(466, 'A5qqFL56MCbAQidyjxJtAJLxtvfMnA', '2017-03-17 17:34:14', 'read write', 1, 153),
(467, 'uf1XN8tcCImBNVHqRyBfftZxGx6iGi', '2017-03-17 17:38:42', 'read write', 1, 153),
(468, '5U3iYwhkiga7HrF8KE1htTLVKMCQmk', '2017-03-17 17:38:42', 'read write', 1, 153),
(469, 'KToLD7nbDzu2U6cMaVQKnPfCFBFXer', '2017-03-17 17:42:16', 'read write', 1, 153),
(470, 'amGtbmXJAACPwyiRGlwwV8nper3lvi', '2017-03-17 17:42:16', 'read write', 1, 153),
(471, '9Y5LpmS2embqfK9WZpRyFvjoS6VQrR', '2017-03-17 17:45:40', 'read write', 1, 153),
(472, 'zKBY2oGUkVjCRruRKQytNVSTtwXKtR', '2017-03-17 17:45:40', 'read write', 1, 153),
(473, '7Iw4BtAksENgBezDhABIUZRbBDaELz', '2017-03-17 17:47:32', 'read write', 1, 153),
(474, 'dRYZGErFZnIl5ZzOvzow5WgUrcw28v', '2017-03-17 17:47:33', 'read write', 1, 153),
(475, 'K2iq13mQ1hBPVsCfK3lAkprMFpE1rs', '2017-03-17 17:48:13', 'read write', 1, 153),
(476, 'xrExCBFIRty7elsYahM6fQiwrtK20g', '2017-03-17 17:48:13', 'read write', 1, 153),
(477, 'iWkzMZOFWB5AuntR7gSSXIVe4G87xn', '2017-03-17 17:49:58', 'read write', 1, 153),
(478, 'qBRHbOXTcQ1pvO1cXRLMhvNX8V17jW', '2017-03-17 17:49:58', 'read write', 1, 153),
(479, 'L4FgpbrMyM7cpejNIvp1ekXYuYeeuE', '2017-03-17 17:53:38', 'read write', 1, 153),
(480, 'jiM3ZOR2dqGrlKWQGKquOEOoLx2xia', '2017-03-17 17:53:38', 'read write', 1, 153),
(481, 'z3Ba27cmf8qO5wvbgIgF7kaBg8uK2Q', '2017-03-17 17:54:49', 'read write', 1, 153),
(482, 'IPJqqf3UedjI5wfPGezARYUm6jeHDJ', '2017-03-17 17:54:49', 'read write', 1, 153),
(483, 'SwoE647DbR48oPzGqAtPjXzMQHkUfM', '2017-03-17 17:55:33', 'read write', 1, 1),
(484, 'F9XWZ1EwJJJVGIH1fCJCS6ng3jMCmG', '2017-03-17 17:55:33', 'read write', 1, 1),
(485, 'lTZ6LTCgIgfOmGvlQwwuLKPdZyiKQU', '2017-03-17 18:02:20', 'read write', 1, 153),
(486, 'wjgK4tcYiRvHIsZJSm0EAY6z9tB5N3', '2017-03-17 18:02:20', 'read write', 1, 153),
(487, 'lKKQIErNU4BLobvgFdardDjDh3Bqpw', '2017-03-17 18:03:09', 'read write', 1, 153),
(488, 'mkXIFXmaBBL4IZNDMiLuGGmnlRyaMc', '2017-03-17 18:03:09', 'read write', 1, 153),
(489, '9MERVc5Nv27VYwVI8j4cuB4VAzAtmY', '2017-03-17 18:03:57', 'read write', 1, 153),
(490, 'dkN0JEoNxvj1fuHntdb5nj3tXz7Pwj', '2017-03-17 18:03:57', 'read write', 1, 153),
(491, 'pqcuyqZfJs3zissFPVJDvfg9TDF3nO', '2017-03-17 18:07:47', 'read write', 1, 153),
(492, 'y0nfpIEKvl1ra57qd8dyX4LX6URyBa', '2017-03-17 18:07:47', 'read write', 1, 153),
(493, 'CoIRI744IoIZkAmgsq3wrrg1tNN9A5', '2017-03-17 18:09:36', 'read write', 1, 153),
(494, 'zcNsYXSsL7GxKhk7z0NFMQsJnawusS', '2017-03-17 18:09:36', 'read write', 1, 153),
(495, 'Fn3S4PlGMkjfrLZskm39h2eO890462', '2017-03-17 18:10:28', 'read write', 1, 153),
(496, '6KdczeQ74OYJZcC9Ai3YVH213HLYYf', '2017-03-17 18:10:28', 'read write', 1, 153),
(497, 'zn93DIctF3ha72CYfC7lDYwqNLsrhc', '2017-03-17 18:11:34', 'read write', 1, 153),
(498, 'dKQMeEQXug9hVCSKKpdapP3xmFXPSc', '2017-03-17 18:11:34', 'read write', 1, 153),
(499, 'bfe1pWLTAUsj9plHlMr8SRoPv18c8A', '2017-03-17 18:13:06', 'read write', 1, 153),
(500, 'utwhk9vUexONNekLISqfkcenJvJiXX', '2017-03-17 18:13:06', 'read write', 1, 153),
(501, 'jKg2f70IqnHuIMQodnC2zKlT7gPR6a', '2017-03-17 18:22:03', 'read write', 1, 153),
(502, 'LpWHdA5wMmO0hW5BkEYk8lRiJ8GxWN', '2017-03-17 18:22:03', 'read write', 1, 153),
(503, 'qxskUY3vO7LFvQvpaVH6s7TT5rv25P', '2017-03-17 18:27:36', 'read write', 1, 1),
(504, 'vw3AkyA3t2RcXB3z5jtlFrJubghEeu', '2017-03-17 18:27:36', 'read write', 1, 1),
(505, 'nzlRiWXqEIex12cCiuQpO9dDY4VR1D', '2017-03-17 18:32:08', 'read write', 1, 1),
(506, 'OZcbLOoXY7QdcXFMqT7MoNbrQyaTfV', '2017-03-17 18:32:08', 'read write', 1, 1),
(507, 'PLWBKrX86fR1s4qtlCC68mKriaOhkf', '2017-03-17 18:38:53', 'read write', 1, 153),
(508, 'YnL7S8IiPYKErJsIy3erUhhe2x6ys3', '2017-03-17 18:38:53', 'read write', 1, 153),
(509, 'G8rIoPKfU7uOYfVH5KLXV0wvPVAI73', '2017-03-17 18:40:05', 'read write', 1, 153),
(510, 'z4560E4PTvWtxy9c5oAICGVG9YGm8X', '2017-03-17 18:40:05', 'read write', 1, 153),
(511, 'rsiw4Kt68GToTlTAfm6368B1PMkRU6', '2017-03-17 18:42:16', 'read write', 1, 153),
(512, 'GLme5djOLz2Vzhhvj2j5SUIpTr0434', '2017-03-17 18:42:16', 'read write', 1, 153),
(513, '92wfHtMSVknAuXfCAdnGAHEGYa73AA', '2017-03-17 18:54:34', 'read write', 1, 153),
(514, 'kQM2ACDAlbntOS81vGam2UKcIY9bK8', '2017-03-17 18:54:34', 'read write', 1, 153),
(515, 'YqkCrXZJzZzcOuNvUQyiNhWp6gZlg1', '2017-03-17 18:56:57', 'read write', 1, 153),
(516, 'JqrElKgAvQJT31rmHlAZfNKGlpgTwH', '2017-03-17 18:56:57', 'read write', 1, 153),
(517, 'IhwJQuo30quqLcYvZlEhwUjQmZR3oc', '2017-03-17 18:58:04', 'read write', 1, 153),
(518, 'TrIsUPGcWRZa7wwCwBQYf8F62q1hQE', '2017-03-17 18:58:04', 'read write', 1, 153),
(519, 'OWTdYfrLfdtndkefvv9kC8Cv6rQmCt', '2017-03-17 18:59:24', 'read write', 1, 153),
(520, 'qw5jp2vbBbUnrzY7E4xPgXwVnuKGFX', '2017-03-17 18:59:24', 'read write', 1, 153),
(521, 'zQVVPtp7TDTftPHXFYibBGKQHI37WV', '2017-03-17 19:00:08', 'read write', 1, 153),
(522, 'EDLmwb20AcUxSfZRsfK0GJonguNGsj', '2017-03-17 19:00:08', 'read write', 1, 153),
(523, 'i0EHswnmqDFEx6w77dg6LoKxlQFS1e', '2017-03-17 19:00:42', 'read write', 1, 153),
(524, 'CTtpH8caQsw2XgDRlfhmNYbkd8GBrn', '2017-03-17 19:00:42', 'read write', 1, 153),
(525, 'X3sjqjos3yXkqvzMlhwNl4U0UJ4tOT', '2017-03-17 19:01:46', 'read write', 1, 153),
(526, 'P6cGSN0ZqBJvBoqaaaog0jOSaDohJP', '2017-03-17 19:01:47', 'read write', 1, 153),
(527, 'zzcch46NoiH6CNebFlpO4cWDeRGR5U', '2017-03-17 19:02:28', 'read write', 1, 153),
(528, 'MlmAeCXOzvsFEvzhwsfBjiDXCOg5DH', '2017-03-17 19:02:29', 'read write', 1, 153),
(529, 'Ik7JN5pIKVB0fXgTM4xY8HyJ2JxJ66', '2017-03-17 19:03:27', 'read write', 1, 153),
(530, '8cBKDI4I7QVaEQcM8NgfOT0Sep9uYy', '2017-03-17 19:03:27', 'read write', 1, 153),
(531, 'stF78jXmSrVxuSN5tNirjnOeTIaeHx', '2017-03-17 19:07:33', 'read write', 1, 153),
(532, 'iDLzp3mXEF0shrwNAL944li9HDDeg5', '2017-03-17 19:07:33', 'read write', 1, 153),
(533, 'WDh4TfEbvKaVHzwn2dOXz0HSzHVrG9', '2017-03-17 19:08:58', 'read write', 1, 153),
(534, 'hFobEtBzAlOlAGmpDcdtoVr5Fyky9z', '2017-03-17 19:08:58', 'read write', 1, 153),
(535, 'oleUEdiPvE5BrUGOA1N1RGcWDHJRAf', '2017-03-17 19:13:25', 'read write', 1, 153),
(536, 'Q3k41oEKffRc7f7qtjsKWkr4uzDi4m', '2017-03-17 19:13:25', 'read write', 1, 153),
(537, 'yIXXtY8UToq0noczYJSvHDcLWkhHlf', '2017-03-17 19:15:38', 'read write', 1, 153),
(538, 'Ad6afrJrXsjTyoqIiVJ0dUILekzu7L', '2017-03-17 19:15:38', 'read write', 1, 153),
(539, 'XOngk1HolMkvBeslpl8sY6tnwBYKd5', '2017-03-17 19:17:35', 'read write', 1, 153),
(540, 'Ns7oTCDCnVkAkSz5ywAeUKYQJVUUxI', '2017-03-17 19:17:35', 'read write', 1, 153),
(541, 'ONmiQK06nGHHdicdTugfhKuPzFavlp', '2017-03-17 19:18:56', 'read write', 1, 153),
(542, 'Ph9RFAb2iDgPHLsuRoqHKt5HnJQXNr', '2017-03-17 19:18:56', 'read write', 1, 153),
(543, 'JnFNYDovg4cg9EEWPFQ5K0R8WzjKk7', '2017-03-17 19:22:37', 'read write', 1, 153),
(544, 'ZaltuHFJOgH6YL1Ji6Qyi47kTBZEVr', '2017-03-17 19:22:37', 'read write', 1, 153),
(545, '4awtHPN9gN9jcHzX4tSHlVsVkPmY0k', '2017-03-17 19:24:36', 'read write', 1, 153),
(546, 'HRCkxPtC8rn5KyM5lmesj8l8A3VPQw', '2017-03-17 19:24:37', 'read write', 1, 153),
(547, 'GsKjLZxXNw9S9Dj85TqEIxUpbCcQqf', '2017-03-17 19:25:54', 'read write', 1, 153),
(548, '4mOnTWaG5RlmLQyxRmyQqdjKKvVlaY', '2017-03-17 19:25:54', 'read write', 1, 153),
(549, 'vRzbVdzUUnpX7rAXPAE2oxMvVVaGJc', '2017-03-17 19:44:33', 'read write', 1, 153),
(550, 'dhWv1TiPf0cMhWdqQlWpde3PTzsUzt', '2017-03-17 19:44:33', 'read write', 1, 153),
(551, '7DVLLxBGB8iZlGSZx3dsvpIgHGHr78', '2017-03-17 19:48:44', 'read write', 1, 153),
(552, 'ublJcZTuUkGAy04QlklEwMzxwLPThL', '2017-03-17 19:48:44', 'read write', 1, 153),
(553, 'ZKn69Ql9qMzcD1TFmMLcWjMPa68NqX', '2017-03-17 19:53:25', 'read write', 1, 153),
(554, 'IjA8g14zYowZjphBKAtvAphReYgvFF', '2017-03-17 19:53:25', 'read write', 1, 153),
(555, 'bijhYOODAUAueimDCVhLRi31xflU1W', '2017-03-17 20:02:37', 'read write', 1, 153),
(556, 'szuyLE3shANP2Wa9J2osp1LtDHtPS0', '2017-03-17 20:02:37', 'read write', 1, 153),
(557, 'iUmWSXrHuQihlTEs1eFnYxIBZ8ytsw', '2017-03-17 20:03:19', 'read write', 1, 153),
(558, 'KE3augNKBGWG7YgUJbnY2vYBJbYLVU', '2017-03-17 20:03:19', 'read write', 1, 153),
(559, 'RMSl22s42wDapMxGi5aZenaFjMpsQo', '2017-03-17 20:25:13', 'read write', 1, 1),
(560, 'dkNfNMNX2IDQguJuJftvwRySFFtp9X', '2017-03-17 20:25:13', 'read write', 1, 1),
(561, 'czcRcdSfsr6ub2Qx3miPJO0ac4g7t6', '2017-03-17 20:27:09', 'read write', 1, 1),
(562, '0RByiOb8yvDFw739g07BSsrbGveH9t', '2017-03-17 20:27:09', 'read write', 1, 1),
(563, '0hS3Rz3gN5e0nSXViujs9rrJtNr44X', '2017-03-17 20:27:46', 'read write', 1, 153),
(564, 'KYhMfXXXLtG7I2TYd7ikgNmH1x1YVv', '2017-03-17 20:27:46', 'read write', 1, 153),
(565, '1ZB3fxOZ7l1suxlUgFRijn1rvLwwS2', '2017-03-17 20:28:01', 'read write', 1, 1),
(566, 'sXngAot0G4ypx8e2oEIpxcTLSXx1xL', '2017-03-17 20:28:01', 'read write', 1, 1),
(567, 'eTe1P9RtqxxRlXdZoTqKa42QXCTuOq', '2017-03-17 20:29:25', 'read write', 1, 153),
(568, 'HraazGvn7Ys2WwVvfP37qabOcURJhx', '2017-03-17 20:29:25', 'read write', 1, 153),
(569, 'djhJDh279ROLxipKBhehgNtqpqy7V3', '2017-03-17 20:29:46', 'read write', 1, 1),
(570, 'SB95dtEO1q7qc3BoHVbpnQyx8NM0ZD', '2017-03-17 20:29:46', 'read write', 1, 1),
(571, 'dnQf8SmNWisUpO1bWyXzRyWnVOZLWm', '2017-03-17 20:32:58', 'read write', 1, 153),
(572, 'NyhzPg8FU3HhyQRtrf234yMHXWq5gy', '2017-03-17 20:32:58', 'read write', 1, 153),
(573, 'IjwarD9hEGJ3CsllUmT2qJbD1a0yFq', '2017-03-17 20:33:13', 'read write', 1, 1),
(574, '6YSPb2OtxI98jwcFfL9jCSbJNgj0yP', '2017-03-17 20:33:13', 'read write', 1, 1),
(575, 'x9wQuBIH7aDVy77q98swykDjtEQLZa', '2017-03-17 20:34:12', 'read write', 1, 153),
(576, 'FIlsGCOASh74biOMAKx7qU4EirAyL7', '2017-03-17 20:34:12', 'read write', 1, 153),
(577, 'pCzmrJNkoaF8oZVEfraJQQ51Rdirbq', '2017-03-17 20:35:23', 'read write', 1, 1),
(578, 'GkLAyglNEwdLKc0TTjCtEcVwrYaBgY', '2017-03-17 20:35:23', 'read write', 1, 1),
(579, 'KkzWhuEWMipX8mBav1EqVTRLUPTYyy', '2017-03-17 20:37:10', 'read write', 1, 1),
(580, 'KN9v2CsHRjce5RYMGLkXrtUWJjuHbb', '2017-03-17 20:37:10', 'read write', 1, 1),
(581, 'tVjOsbuHNuDbDr2JWb5jhvU9hOOXkj', '2017-03-17 20:39:56', 'read write', 1, 1),
(582, 'SHesEn9LO2UIFn3Jpv8xf6mPgl0Vij', '2017-03-17 20:39:56', 'read write', 1, 1);

-- --------------------------------------------------------

--
-- Table structure for table `oauth2_provider_application`
--

CREATE TABLE IF NOT EXISTS `oauth2_provider_application` (
  `id` int(11) NOT NULL,
  `client_id` varchar(100) NOT NULL,
  `redirect_uris` longtext NOT NULL,
  `client_type` varchar(32) NOT NULL,
  `authorization_grant_type` varchar(32) NOT NULL,
  `client_secret` varchar(255) NOT NULL,
  `name` varchar(255) NOT NULL,
  `user_id` int(11) DEFAULT NULL,
  `skip_authorization` tinyint(1) NOT NULL
) ENGINE=InnoDB AUTO_INCREMENT=2 DEFAULT CHARSET=latin1;

--
-- Dumping data for table `oauth2_provider_application`
--

INSERT INTO `oauth2_provider_application` (`id`, `client_id`, `redirect_uris`, `client_type`, `authorization_grant_type`, `client_secret`, `name`, `user_id`, `skip_authorization`) VALUES
(1, 'fjTgW84SioZFHV5hG0u3XPiCdNqELDjxI4Z9sH5w', '', 'public', 'password', 'f4lknEwLYDvuFAXYq9hdBDgfSlOjd4sQlnsnLRsLjXwSRWBkx6iyQrBNjhTdqj6VksEZEfM5n1IfjIsGxlKfziZb3OsYcASpELqQ4M0VKUBdlxo7cLQHbehChlQxq7iQ', 'nyepesi', 1, 0);

-- --------------------------------------------------------

--
-- Table structure for table `oauth2_provider_grant`
--

CREATE TABLE IF NOT EXISTS `oauth2_provider_grant` (
  `id` int(11) NOT NULL,
  `code` varchar(255) NOT NULL,
  `expires` datetime NOT NULL,
  `redirect_uri` varchar(255) NOT NULL,
  `scope` longtext NOT NULL,
  `application_id` int(11) NOT NULL,
  `user_id` int(11) NOT NULL
) ENGINE=InnoDB DEFAULT CHARSET=latin1;

-- --------------------------------------------------------

--
-- Table structure for table `oauth2_provider_refreshtoken`
--

CREATE TABLE IF NOT EXISTS `oauth2_provider_refreshtoken` (
  `id` int(11) NOT NULL,
  `token` varchar(255) NOT NULL,
  `access_token_id` int(11) NOT NULL,
  `application_id` int(11) NOT NULL,
  `user_id` int(11) NOT NULL
) ENGINE=InnoDB AUTO_INCREMENT=583 DEFAULT CHARSET=latin1;

--
-- Dumping data for table `oauth2_provider_refreshtoken`
--

INSERT INTO `oauth2_provider_refreshtoken` (`id`, `token`, `access_token_id`, `application_id`, `user_id`) VALUES
(1, 'x9BBvNPq9ETKCGbjcucUBsE0eRSOy8', 1, 1, 2),
(2, 'p6sZltBcaAuLXrrmja68AggDBbzoun', 2, 1, 2),
(3, 'llP2FFzinLFEqxUoeG7dw4nnf3YXVX', 3, 1, 2),
(4, 'J7le1xZijXA1JQkg3PFYSGML3tjx3i', 4, 1, 2),
(5, 'ocSFTdh5OHFoKNEkbppuxoHy5t3BjT', 6, 1, 2),
(6, 'NQ5Me5OBKEmgHMYzq46q4hNjLto5yt', 5, 1, 2),
(7, 'h0uqiQqOpffe790wpRjmrCzKvjdkKW', 7, 1, 2),
(8, '5DiQracmwEIh3nu6JYayxmfqi8a0Ht', 8, 1, 2),
(9, 'k8Vg0IpKltf7UPTqUniq2xJJ7qbwsA', 9, 1, 2),
(10, 'UeODf6U3WHXM2Nko6P35pTvDbxcMmm', 10, 1, 2),
(11, 'kAA0io7EEq2pmvzIN0VxDYFUOt6uFp', 11, 1, 2),
(12, '4DO0dkJpemKo042iTMZXuFf8zui2xm', 12, 1, 2),
(13, '8sHKAxjrd2tKcDNwAYR5NJz58PeswD', 13, 1, 2),
(14, 'kLD19PQn2wWOdRHKftWWEVJVlMC9TQ', 14, 1, 2),
(15, 'KUaY0cXFeKQMfcHCNKAAvvCsPv5KP9', 15, 1, 2),
(16, 'lun6tsMkWoGnjzeRavUEjWBr6NglVV', 16, 1, 2),
(17, '8D1xRdNQlzQf6Lal7VJnlDVzc1AbXX', 17, 1, 2),
(18, '5Fv7L4voyKLgKczpibNmTh432Oh40I', 18, 1, 2),
(19, 'cIUsZ4ItHQ5jm0Cywr96LGSkjoKDdY', 19, 1, 2),
(20, 'NQt4lbJ0ppHU3MQALxTQ3nTQZ2Bo9M', 20, 1, 2),
(21, '0Y4tq2Frb2D3GLgGezcWQhNDzDW3mK', 21, 1, 2),
(22, 'LzvgfYdmW8vTGDYAGI2a8jInuX8rQ2', 22, 1, 2),
(23, '2TfJP298T0DL2pv3QyczDKxI3Zuekr', 23, 1, 2),
(24, 'kI19Qtdjow2jZrUOwbrpySRyQcOhx8', 24, 1, 2),
(25, 'bYsyTmsCFEXJajUAN7G0VRpo6O3IOA', 25, 1, 2),
(26, 'rOgo6viQS7SCpGmZjGFKh1lApnSdaD', 26, 1, 2),
(27, 'BZ1gIlUiNdcXJ3lrZ5ubpU6FxRRAbc', 27, 1, 2),
(28, 'R4wDJhKswuIuUO1CRAaN2AEGkd5N1v', 28, 1, 2),
(29, 'j7Xs8ygCCDMsEIwWLgglm8nz37edzt', 29, 1, 2),
(30, 'nqtbnILVLuKUf2aFDrfA2pFyjRuOXh', 30, 1, 2),
(31, 'QR9VMjWFcrSppD7uzu4bA9ukLrkSl1', 31, 1, 2),
(32, 'OW3nUW3Qh8KonIW50mab2EZJgUuiTY', 32, 1, 2),
(33, 'FhPbtJKDvN0x8jUYBVwHVOWvFgdwUQ', 33, 1, 2),
(34, 'eNyFtmSjmLpx7Z3OAYpJH9oMWRBpIk', 34, 1, 2),
(35, 'Wuf91TjfDnjMBzOlpjUjYizm2XK6DE', 35, 1, 2),
(36, 'Ge0S0XLwOc8pem6iiUwxfo6A4Cq4VA', 36, 1, 2),
(37, 'VLW2Xh7uF3WLRlBqTZsSI3ymRcNHMc', 37, 1, 2),
(38, 'Lhfs35m1tZ8JNUaQMbIP8S9otUayXl', 38, 1, 2),
(39, '7c9eg5xHye73NYpcwprJAucljLOwgC', 39, 1, 2),
(40, 'xjjZcKLIsxPEb7CCecCygkkTkDmoEg', 40, 1, 2),
(41, 'tyixzDu4V7wN57UBWZCvZzFHKORFvr', 41, 1, 2),
(42, 'd5d6nfWbYV3cKcT1D7s07zRX2tnR3t', 42, 1, 2),
(43, 'df3NiqviLqCz4iz6wHrmnqQpS0VWkE', 43, 1, 2),
(44, '9sJUm8JAP2szdELvmYVd3yNlWBUUf1', 44, 1, 2),
(45, 'y434vaToR9ltOWTiTv3hjw1Rs4DiMU', 45, 1, 2),
(46, '9mRYRLEaIf8XnW5ig1gdlqKrAFKfHg', 46, 1, 2),
(47, 'SWwP4nhqWZE2E0ZPaWYmgIfk3NtkQN', 47, 1, 2),
(48, 'Fflwmc9OTEVtc3KRDuF8Z3qdBbQCTa', 48, 1, 2),
(49, 'nYntHTG4K9QRsTnpGdxtsQhaZPvWJb', 49, 1, 2),
(50, '1ukCkcYNpzYOdW3ZWz5Kj4mbzCho7M', 50, 1, 2),
(51, 'n9XGJWErQicJd7QUFWngAtufEDsQak', 51, 1, 2),
(52, '5GWavwG3L7ZavQSYJmTcLwQszQFekK', 52, 1, 2),
(53, 'OAdtwJ7g6tkPUxm9nTvQPOm4vPu4vS', 53, 1, 2),
(54, '2fo5BPP5VTVF7VWtoOa2gcpd7U6Pu4', 54, 1, 2),
(55, '4H8TeWbuB9DZHsVhMGkqAlBifKHbYL', 55, 1, 2),
(56, 'A0srfVoDl1UrAasnMvPiXoT56cogul', 56, 1, 2),
(57, 'r60ronu48eP1s1Hla0bhex2jh06A7Q', 57, 1, 2),
(58, '3zk2yCGXO3d9lgLJmoGAZDI5xBHrx0', 58, 1, 2),
(59, 'WFioCrRq0QTotsGFehoaq6mtJDZRkc', 59, 1, 2),
(60, 'hhmSVNTuKjZsIyItg6M28UNohnsjsA', 60, 1, 2),
(61, 'wLkRNCW3d5CF2pAvKBFWxO0GTdTEdE', 61, 1, 2),
(62, 'oawwZEomuO62rlJpYh0q0CjpGQBSsL', 62, 1, 2),
(63, 'E8Zn0gUOXo9afEbboApBzoBHElYvP3', 63, 1, 2),
(64, 'hCvhICHjymK6z2Svs2qhxjiK34qtSq', 64, 1, 2),
(65, 'jl8f87y6kD0rAtmxvh49kf4LBQAmEt', 65, 1, 2),
(66, 'rL508NaksCTfO9oL0KAnDXgFqXodMt', 66, 1, 2),
(67, 'AZLechQlC5QyuiGVLpXv1kNK27DpEf', 67, 1, 2),
(68, 'blZddwFwHW9Xgc6BdOAyDVhbSZbIMV', 68, 1, 2),
(69, 'EeHh3CeH5CDESkPRXxyYBsbvFTvIUC', 69, 1, 2),
(70, 'TXlRUnG5mvSt4ENLKPQAOITPXOwAE5', 70, 1, 2),
(71, 'vdGcMt1ZDc1sb5N9FoTkqJajsi8HJL', 71, 1, 2),
(72, 'o26KVgbtP6ExZ8dZX7UdsXPPfORnfZ', 72, 1, 2),
(73, 'ZeLIdBfVmHpmvwTsoCfIyXyD9BASbs', 73, 1, 2),
(74, 'AxqIbYL6RzR8xj5t38gLI8fBMZvOxx', 74, 1, 2),
(75, 'MHdn5JoU5iTnHeY1DFtME51ZMCzpMz', 75, 1, 2),
(76, 'Aueouul4z72A3XqBfZ95k1F3SNOFTB', 76, 1, 2),
(77, 'NlWtO97xz1Eqz16kXz2v9sgZwskWyB', 77, 1, 2),
(78, 'RqSXONVyLvBIV7tIKFcjOa4tOJ1CHO', 78, 1, 2),
(79, 'U5lMxaZLAPdmVgBk3Fn4q7uYq332Ci', 79, 1, 2),
(80, 'XDss1qQdSriDMbRJEdip5J0qyK5gZT', 80, 1, 2),
(81, 'cuUvYXyybukocUUUJ5wWATOxZz0ba0', 81, 1, 2),
(82, 'OCfbF3r5OPrKDNT2EhDwcA6er7fQsN', 82, 1, 2),
(83, 'dkYqQnyRmTjXHCX41BI3rNSRs5PEpZ', 83, 1, 2),
(84, 'gRTOV7dcRc6IQnqgyKP81XLpoJnCMR', 84, 1, 2),
(85, 'Zl3GVHqBIf8ncLLiNVojTVbSz9mFTU', 86, 1, 2),
(86, 'SnOs8PbrJhffs6h1jYDakw46qx86dr', 85, 1, 2),
(87, 'pKeaTyD5yZiPJNVdQzSuXufflMUcSI', 87, 1, 2),
(88, 'mSnLHzSsD1ida4OwE6MgQWRWsLKl3z', 88, 1, 2),
(89, 'fifeanb8B3AOgoDC9CWU7YopZmZvwT', 89, 1, 2),
(90, 'nU8JyWEXNKNAMo6oxGOibwgCAQuPre', 90, 1, 2),
(91, 'vuS4JbEeMHC2Bp9IuSVceh273JtBn5', 91, 1, 2),
(92, 'EV6LBZXb55aaVR3l5s8wxZidQAktiJ', 92, 1, 2),
(93, 'Kj0H24Og5tuXVjnUE71fd8D2EZh6oY', 93, 1, 2),
(94, 'apx9QIhLtPEpZMEmuHdvf4qQEMK41c', 94, 1, 2),
(95, 'VMuQt7Va357OMwJ6xNTkd7hAW5rR4E', 95, 1, 2),
(96, '37u5aeg4uQpQhqgwbokLasQAW2VUU6', 96, 1, 2),
(97, 'xfE72ukt8mkGcTSAp2cwUKAvPVpvmQ', 97, 1, 2),
(98, 'S01tD1mANCHE770J8xPz0yp6JgAOB1', 98, 1, 2),
(99, 'SbWevO8Y2ks146X5sA2CWgD7pmNvpK', 99, 1, 2),
(100, '7kUAjeBdq3X1wd30YlWaZnuG365XdQ', 100, 1, 2),
(101, '5sPHFKtRcRLn33JtayziNrKcsg8GPb', 101, 1, 2),
(102, 'jAWZscW283SG8Vu7nlqz1cz7FgHx2Q', 102, 1, 2),
(103, 'JJOx80jJmBl1swZ5z57blQvQustwwy', 103, 1, 2),
(104, 's6hSmI3tUxR6BK2nYWCDjKaQ9rsFcd', 104, 1, 2),
(105, 'NCgTrwhYBM9qdkdyICAe5OWsZ50Q5j', 105, 1, 2),
(106, 'o6g1dbO8CldeohQ15uNXTTaly1J8Dz', 106, 1, 2),
(107, 'YhOs6RJJLuhJI86zGg2wN1lr2jhaQZ', 107, 1, 2),
(108, 'ckFMMmotzsKYk983KXJy9A3hmooais', 108, 1, 2),
(109, 'tGonedetL4WXVSlU2K1NfHSR9HmZvS', 109, 1, 2),
(110, 'qYisf1INUEmB9Ooi3soyMPFPmDiNvl', 110, 1, 2),
(111, 'TqMmpzgpENxgtgjIpz7GWxJu499SPF', 111, 1, 2),
(112, 'Nx9lACb7mWBP32xPsFb0BqokNxClMp', 112, 1, 2),
(113, '5PizHnSnkm4vrvmhXLZjAST7voVNNz', 113, 1, 2),
(114, 'SBebpR93jR6FFwZIY7nIYMazAaiQPO', 114, 1, 2),
(115, 'kHcJD8FKE3oAOCXDYFU0F5JXIW8gD0', 115, 1, 2),
(116, 'QZEOEO0orXYu79iFNFOPF1mXKifspN', 116, 1, 2),
(117, 'JSbiHCO5Gni0Vc378d8OoThXAOPDpQ', 117, 1, 2),
(118, 'A5l80505UQphRXj6VOExJTKSzYbMA7', 118, 1, 2),
(119, 'y7f6aRE2VhPN1mOO8fkXYgYnkUDzcb', 119, 1, 2),
(120, 'flJZlL0XIEwRblKBcacdXidAJ90S2R', 120, 1, 2),
(121, 'ipaRB65COps1H70XrkuHMtoiRTzGRZ', 122, 1, 2),
(122, 'qX5Nya0vLo2RpoIPGxja257Gzv4RyF', 121, 1, 2),
(123, 'a64ws6YHFBuilcNZcg55PBQtVpw2Ai', 123, 1, 2),
(124, 'hlCFjj7yM82zJLDVx7cCXxOt2wtl1t', 124, 1, 2),
(125, 'kUaI4EYycmKWgfI6LN7JLVaYuYbaMM', 125, 1, 2),
(126, 'HH3MaeT02cG7keW3WAlsDGbEO4YRnd', 126, 1, 2),
(127, 'tq1Q44bw8xkaCizC9xXOeImmUvAnjM', 127, 1, 2),
(128, 'TBUtNxp77KT6sJ7BfSMjn2fE7XSgx2', 128, 1, 2),
(129, 'JKMXX97LFUUCx7GWieZlJBTszqME9S', 129, 1, 2),
(130, '23iySQy2PKSKglDf5hHqthwn0RsvIg', 130, 1, 2),
(131, '0eNMif2gBolm5Rq3oXxkYhvjsUff5D', 131, 1, 2),
(132, 'Swhe8rf1sDAt9M9SfSJGlmjpvrJEPd', 132, 1, 2),
(133, 'UHaeCZO8SpJU6aIirQaYYLZjKzfnFi', 133, 1, 2),
(134, 'z4djKoZYqk0vtcoGKV7iUZIMw0ezPW', 134, 1, 2),
(135, 'xofdrzALFKewUO3jAeaHI1xxM1bdiA', 135, 1, 2),
(136, 'aqrQAWNLyfo7FV5on2kJIEPktPaup8', 136, 1, 2),
(137, 'UJrCm5LuEsvjtTzLNTa7WXtvKsgJWU', 137, 1, 2),
(138, 'HeT6t07Fbu2vLpZsz6N0CHdL1WXeI3', 138, 1, 2),
(139, 'jxtoBZ9Qd3BWTTvE3aw1IzueNPpg3H', 139, 1, 2),
(140, 'Iq9GlC3rBuw57pjVhboIU5mSqJo4DG', 140, 1, 2),
(141, 'JrbgmCjQDIAZGDhUQf5k3xDuRzpX1j', 142, 1, 2),
(142, 'izVIpFiUMmr8CB1exYnsQQ3IHVNrB7', 141, 1, 2),
(143, 'DT8pLSv1eD6ZS0j8YuCt3D6Q546HzD', 143, 1, 2),
(144, 'LS8kzhn8f8aIMwzeR2uwWHfzHj9eT5', 144, 1, 2),
(145, 'bFA0NR8zPvzmSylECW1y3hVs81lhi7', 145, 1, 2),
(146, 'mkP91c7pprjYnHUJwRPseP5pDz7mvr', 146, 1, 2),
(147, '4suVkyvbqmfkXVdsPnTxCFmH4DNveA', 147, 1, 2),
(148, 'as6x9kNjgUn7L6hDt5iLY8ISYJzngD', 148, 1, 2),
(149, 'qIU0IU9k1WFR84xYjpvOjUoEYECsVM', 149, 1, 2),
(150, 'XgT6boB4DOlYH0IbzXLF9goP1hCaho', 150, 1, 2),
(151, '2rTumswP2yexo6ED3ATeQdJ4JlAIcw', 151, 1, 2),
(152, 'lNQH7QTu6ngtdEyem3A65Gkzm6ZrgY', 152, 1, 2),
(153, 'pbMzoymX5B7LID6OLCxodU7z8cq2kd', 153, 1, 2),
(154, 'z6xEC22mPWB7VPCSc7G1pwz6HlScr1', 154, 1, 2),
(155, 'CooJDjWL43G1JZiAQSX9nkYNLx3kxw', 155, 1, 2),
(156, 'BFqZUvq2RAF7RbxnjniksuARYjPs0h', 156, 1, 2),
(157, 'snA3ZDg3S50jp3UqE1ECJtDxiaHlx2', 157, 1, 2),
(158, 'fRnw9wo74sDeRq4ZNP4U1ua4lk68Da', 158, 1, 2),
(159, '9DnBJaOpJ362NEihae1JiuqFSRtAc2', 159, 1, 2),
(160, 'm62z1FJCZk6BHcZoeDqj1pFMu0NKDf', 160, 1, 2),
(161, 'BsXpYjgxruc2YYtis86gOMq5lzBXQE', 161, 1, 2),
(162, 'loYCT0LWUnhLIN4I69NEjcelqgk2pk', 162, 1, 2),
(163, 'D3dswZ1JLjqgxCI39zRHcz8GJFSqqU', 163, 1, 2),
(164, 'Qys1ujjBPZkNv9Kmo9afsAWWNHC69t', 164, 1, 2),
(165, 'RR1HzlNAxzP6TLo5eZCjUyHGYPJArW', 165, 1, 2),
(166, 'WzHLbHfEGmTBJ2eIgRbQS5BFs3tFvI', 166, 1, 2),
(167, 'oF2lxpypIOUKnk5qRfPSGVSIqAaIA4', 168, 1, 2),
(168, 'hFaCvNS4hger4Ge4xG9lnr2t5EVqNE', 167, 1, 2),
(169, '60eByr0kL3En4HGuy6HMxmX2bXDAm4', 169, 1, 2),
(170, 'iJiXtF7mhMNWvy2b8ZJRVqHtdBrx4z', 170, 1, 2),
(171, 'C55QkfzPVhhyzR6laTbUq7oCF8iKGa', 171, 1, 2),
(172, 'jZoFqjg1yEZi9EGRleIRFwymDPYWfd', 172, 1, 2),
(173, 'Zx68uZVYC20TanqmZqJXq2u2IXIYCi', 173, 1, 2),
(174, 'S23pH4GEaVWVP1yh97A0BT9XBwfk5q', 174, 1, 2),
(175, 'v3qQOkTaZTCvV3MxJfnDMT2O1w5OEx', 175, 1, 2),
(176, 'fDZQj5Glyvzj3dxvirZFIOjNNxBR2x', 176, 1, 2),
(177, 'rNKGR4QXW7w5Yl53qiQb1WCdxRbWRi', 177, 1, 2),
(178, 'xwXkbCB9L6k4zYnidCiTLlh9EOMxZq', 178, 1, 2),
(179, 'mkrjaazycQVohqLbU3ccelrw6Itx8R', 179, 1, 2),
(180, 'tqoyggDPn2yuXRK6u8aZ2N9Su49KNT', 180, 1, 2),
(181, 'CiP8TBfBwktdnZncjJZ7mbti661k30', 181, 1, 2),
(182, '9YFx7Ns3LGjCo4QiNpeKtGdfWP5S8N', 182, 1, 2),
(183, 'eBVPLroXBFHniW8HB8o81FpqejR9Rc', 183, 1, 2),
(184, 'XpRn1DxC5QM7ICReeg92jVa3Rofbtn', 184, 1, 2),
(185, '34eERFcdRSjqy17wBve4JtXHJLrIDN', 185, 1, 2),
(186, 'zsXJHzVOPLrYjgycHDu9hgG2WJvvNF', 186, 1, 2),
(187, '3k2HOiaqxaWltwc3mEbLPoQIDJkMZf', 187, 1, 2),
(188, 'Q7qQHqseABQccLh5PZe8iQCi9Sp8nn', 188, 1, 2),
(189, 'NtG6N24Wg9UvZhH1CGqWcAZVcU5jeM', 189, 1, 2),
(190, 'T0SGsTtXC64XSIRXwLkL0zbV8tFtdK', 190, 1, 2),
(191, '8f0p1bFXuffp7iVL0OFAlLGBXPsgti', 191, 1, 2),
(192, 'D6W1b4G7KuR50VS0qP1k2jL5xVsf9c', 192, 1, 2),
(193, 'gU7PMJOIJGUZ5W4tnCXDM37rpMFXF2', 193, 1, 2),
(194, 'VJgZXKvhnoSpYIiPOjUKoD0irzYs5t', 194, 1, 2),
(195, 'vKViebiUJ8XJes6AQdMxZCubcpFKNc', 195, 1, 2),
(196, 'MYwEUMJkKQDLZpOpQQEFLAPWpW4iSZ', 196, 1, 2),
(197, 'zHHln28MZfz6GiqvMMbzg5sm8JGhMu', 197, 1, 2),
(198, 's5OR5SzGTTRPVXnQy8KjGSpt5U9IDL', 198, 1, 2),
(199, 'T1DFuaYAZ3ddbUd6jAWFZybFXrvk64', 199, 1, 2),
(200, 'Hzm1LloOP8Mb4sgD2iLtWCT9ZqUwNj', 200, 1, 2),
(201, '61F7B90ez6MHhgJdV0YLBDteelBDUw', 201, 1, 2),
(202, 'x4UQOtFii2xIXmsDNYa7xIphjvPFk7', 202, 1, 2),
(203, 'zpmxcg6Grvpg9g9n4HdXfd3HclRyoL', 203, 1, 2),
(204, 'mpcTZ6Y4XHDg0DoMH21gf9AUMThbNZ', 204, 1, 2),
(205, 'gEMOHWZFOyTlYOpmgyi3vn8iwaKuVL', 205, 1, 2),
(206, 'WZVatPeqwCluYG6eFctXzLZZNT5Ayi', 206, 1, 2),
(207, '24EivYuXJWmsXkm6Zc480Rp2vVjMh5', 207, 1, 2),
(208, 'GgtxFjbWW41unMlxWt278EyJwZxFxZ', 208, 1, 2),
(209, 'e0uYUmdLUrmwlCawTVdciK3DOTog5s', 209, 1, 2),
(210, 'TQSMgSx7R9AqEzUnsEMOtMpDT797cl', 210, 1, 2),
(211, 'HBzNDDXZqPAOrQrFmT4S6S4fe19nee', 211, 1, 2),
(212, 'XfaL631sBFUA0x9hDmD0AqiyReqX6j', 212, 1, 2),
(213, 'YExSLJd8cWTxMvcCAQ4Yg4yy8OaiHD', 213, 1, 2),
(214, 'ycvUaF3vylvxZ3NZPtP8RuDhzVxmZ6', 214, 1, 2),
(215, 'qQzdkRklVAi9wHYvUpdvrLC9qBX0RV', 215, 1, 2),
(216, 'M16uWiQuM6mBmmZ4WsHBlA6L3wYn7K', 216, 1, 2),
(217, 'wN4jc5RCfDsBPhB9LQiB63GWQ6fm7d', 217, 1, 2),
(218, 'PXkc6rKPHDZp0OEK5yBSB1ESAsTrOx', 218, 1, 2),
(219, 'zHFBndbgYTRsRvld6BmxS56EAz59Xt', 219, 1, 2),
(220, 'n9fpfZfikzxTlZnbaqFhFAT5DIO5vD', 220, 1, 2),
(221, 'm3F74u50e8irDSt9OtGCBB29ASOJnA', 221, 1, 2),
(222, 'KZgXwM4PElqPRJeLJsfy8oouRabMo5', 222, 1, 2),
(223, 'wfe09T6KlpXSwMI7gjHbe4QvYbROvE', 223, 1, 2),
(224, 'KBObqk65qUfLq8jTFChAUMWENU2xMj', 224, 1, 2),
(225, 'cyE87m6L019kWeJWUsWc3gobNiSAdW', 225, 1, 2),
(226, 'kirM0mEaiCjeJdRS3zokMzp8uIbvlD', 226, 1, 2),
(227, 'H7B0LWojIRmLh5NYmvB3krcaO3M62T', 227, 1, 2),
(228, 'FrRfKRfIeHMQaTN08hYSuBA4bAhZOO', 228, 1, 2),
(229, 'zrW1l9AEW9AxzKe7GNk5iiSntmVgCx', 229, 1, 2),
(230, '1OUxRBM0eWKxZZGqXavwLRHAtjh7FW', 230, 1, 2),
(231, 'VoNgxFtDPGqjMdWNc9Li9PxOXAOSw4', 231, 1, 2),
(232, 'Cv3ifdBncULbmIwbaUdA6tXRnxvE2s', 232, 1, 2),
(233, 'nKo9QLAz2CVSed8nn6iXLF5PP8rkuR', 233, 1, 2),
(234, 'dNn4Z9pnr73vrKEGoKO2WZ5Rsk3Vmh', 234, 1, 2),
(235, 'EzHRFhP5lmCkufQPvzvxlDEdYBuZLx', 235, 1, 2),
(236, 'X1Yez9dDAAW1YzZQRxn66LpV55I2v6', 236, 1, 2),
(237, 'o4NyobV68p8tdjxmdZOSbVfiD2leln', 237, 1, 2),
(238, '6KCuUCPXVvj333MOhjG1zNsmShQnzC', 238, 1, 2),
(239, 'pKMbhkB0ofUoqKp5NoLZuEMGDL6P6a', 239, 1, 2),
(240, 'xU8hbKscvup5s2cDshleR9T8yE8q7v', 240, 1, 2),
(241, 'eHJJnpdcYBi3sWWeLVgQ4OOI7NsLPk', 241, 1, 2),
(242, '5vnnnEJMB0nGtMHEDxUSu62EN4ij4s', 242, 1, 2),
(243, 'qPsTgw5L2UXqrzi3STJOo4XCwCEitz', 243, 1, 2),
(244, 'lHT5gFvs6SEGOy1N8rMdMJ335oz3Qt', 244, 1, 2),
(245, 'HU5rozVvUL3YzcdV5DYS9c3hmL6SoD', 246, 1, 2),
(246, 'gyyIg5vUedZf0mXzYszP3QVkRr4idq', 245, 1, 2),
(247, '5hFOdpsbwvKu4KdBGBVJT2JeGoLZrp', 247, 1, 2),
(248, 'm9Uw89zstfOuyfoYc3qqSc6AX6xcxt', 248, 1, 2),
(249, 'hci0XidwCvrI1HRWF1CO2KVicVDefx', 249, 1, 2),
(250, 'ZIdze98UphvTxKjsfqPzw49buTSDTg', 250, 1, 2),
(251, 'UXY5Jfi3pJgUrxBHyBU6nKuvZw6MP7', 251, 1, 2),
(252, 'MFskGOxRAhoNVs3pfAeI3pkbAGqMuU', 252, 1, 2),
(253, 'Ko57ccepxlZUfEpWTFDSLtvww3hDDG', 253, 1, 2),
(254, 'GZvL1JxVApbSRTx8GlgjpV2fMn5iKG', 254, 1, 2),
(255, '5MHDFhMPsNaDwkyDU93OSH8Im9JQPf', 255, 1, 2),
(256, 'V40w5YCZR7uUIkSkBHsufYbY8yugtg', 256, 1, 2),
(257, 'Hw2VK5Cxb3wGtfHRRgtK8zQ2L1NBm8', 257, 1, 2),
(258, 'Gsot5TCyV3vwQeKc4aaUNcfyafi9CX', 258, 1, 2),
(259, 'XvSy7dLcXHMvGkittleOxkjG7FVWZ3', 259, 1, 2),
(260, '77j7mNAtI91hmxBGZ8dHMCwQfG7Q78', 260, 1, 2),
(261, 'qM2RFL0gtWAyordM7OqF3Bri7BwkuR', 261, 1, 2),
(262, 'Z7w3avZALr6wqBo541NsNloiSIHBh6', 262, 1, 2),
(263, 'yFv2SAUUPmITpVj7ffF2yYvMBhBtWN', 263, 1, 2),
(264, 'mQlgw6W9mZMOlL4fKvZVF5dYkqOs6n', 264, 1, 2),
(265, 'cv2jJkzLbFsfpHug9wZ356G0wnHbW1', 265, 1, 2),
(266, 'lxQxoP77jLmi2FgMIAKUIYymtmz0pJ', 266, 1, 2),
(267, '0xWsvqmCmtz204YX0QdDdhlh3jUhPV', 267, 1, 2),
(268, 'hIlsCHkqs3OobWv3WrZZwilLQbvJn4', 268, 1, 2),
(269, 'f9Tgkwvf2wIrsURHiVHTXyyt9H0pWa', 269, 1, 2),
(270, '28qtxiqWI5QAe4YGNlDEpHjzOtdrDJ', 270, 1, 2),
(271, 'Lvzl34EIwadSgBowNlzwc7xLjID6Za', 271, 1, 2),
(272, 'LgRRfRuzxqcbVdRgz7mbTBTRuChJk7', 272, 1, 2),
(273, 'kIulxY7CDGx3cYfTP8hQoKzTQfXOtI', 273, 1, 2),
(274, 'e2tE9xQeqejcokBhwHze7C5gOjsKSR', 274, 1, 2),
(275, 'hELAkZaqdRenh4NVGF2KrTPPYijg1e', 275, 1, 2),
(276, 'xV9JPFT6GUl8ii98YKaA1xR2ykWDNj', 276, 1, 2),
(277, '4lnsguC8O6KY7MHe90gKUeWgxbFNhR', 277, 1, 2),
(278, 'GDXNm61iqq7B7NSxMNycEv6zWewxd1', 278, 1, 2),
(279, '3HpTpkojgmy1ldxGTMkRE1nKJFapoB', 279, 1, 153),
(280, 'EaJgQAxuAxBfrYe0zjD8NOEFIEMqvX', 280, 1, 153),
(281, '9lQT5axKMlzjvy12SgnDfnKlZ0ZC8T', 281, 1, 153),
(282, 'BdoJl85FY2rM3pdGIKniLMks1rzost', 282, 1, 153),
(283, 'zsBNXk1gUVDvq5bSAq0jIZrpVcIZ1h', 283, 1, 153),
(284, 'TZOLji9NqoXGrV4v1KOSHgmSdaUtxs', 284, 1, 153),
(285, 'dq60XTc4oRC6b9WooEXpWVsEaxCCCp', 285, 1, 153),
(286, 'xEL2fTcp91rywXfhQQmDZbSSrvYOAX', 286, 1, 153),
(287, 'IWbVX9RpvGNGKGb4iaexrVvf9jdCzg', 287, 1, 153),
(288, 'VGX77AcJOZ0BELa7NyxBGJTcP9H5o9', 288, 1, 153),
(289, 'ykZNOUWaRCQI8rm2PKCREmvzMKVhfy', 289, 1, 153),
(290, 'X31Kpp3k7XkOEsCp0AQHZ5pC9Z9KSN', 290, 1, 153),
(291, 'MNKuHfMhFkAJOmBXlQZVXHY6eLY9LS', 291, 1, 153),
(292, '8mQnOerA7ytSwuRnhsjG5E5ABGVtP4', 292, 1, 153),
(293, '5S9LQ0RZpNu7huMy7Do2iKkTDaQNkW', 293, 1, 153),
(294, 'tWEuo1N4bJEHNLHWyYUo78WtMsDvAL', 294, 1, 153),
(295, 'MMrAeQbrDFt4tTRqmFHvJTIZ87KW3T', 295, 1, 153),
(296, 'lwxlKDMMvqWdRIXXBY18Vre9IuoqtC', 296, 1, 153),
(297, 'qlwBhaKzxbYcUe0OYTf7I9RoNrnPR0', 297, 1, 153),
(298, 'yssYP8qlbx9zHsCVDAP19X4eOzg8ra', 298, 1, 153),
(299, 'gUPaiObAMrwaZFvhT9jHd5t0xFlDYk', 299, 1, 153),
(300, 'mRJ9IwRmqBjlXZfBQX0NlfolgX7oYl', 300, 1, 153),
(301, 'i1uO56Cgb98OQdHfrB9et5xBpu2QzK', 301, 1, 153),
(302, 'nf5YBkXYn3Q3vHtMDGZddMjOlA3DUb', 302, 1, 153),
(303, '3DwVR6G4N0fl5DQ9mBCFNKFrgzr2kF', 303, 1, 153),
(304, 'ZtnnZpx1TQ6mkq2iWdmULq7KQIRtET', 304, 1, 153),
(305, 'UG1vAb6Cz0TszNw4P4wUNnFslcslWv', 305, 1, 153),
(306, 'Wmgjf2nayepkaU8HH1Fo6U5x0hUxBi', 306, 1, 153),
(307, 'W2s6VGBdEklSeYIT9gDhtltaet5Ua3', 307, 1, 153),
(308, 'oWTrZrYcbxwMPtAckw1d97Q7YV7CqA', 308, 1, 153),
(309, 'yKarpiatsEa9mGPtqIGOpYV8Tvndex', 309, 1, 153),
(310, 'KqSlEP2OzN9mMiyfZtdqrIJyaLkhPw', 310, 1, 153),
(311, 'NISMNMum6NTs87a9rCiIVCz8n41KV1', 311, 1, 153),
(312, 'Gyi9C9vPy71zoe4QxREk7Keofl8dUE', 312, 1, 153),
(313, 'oLF40fsG3w6M23GnttEPWwO57XhqWM', 313, 1, 153),
(314, 'wrLYgsYbw3GgHFNxPUw7FM8TVlh7q8', 314, 1, 153),
(315, 'XCssxxW6fO10binNFoYTY4Uwghc5x1', 315, 1, 153),
(316, 'QmQ5DN6VvHwbGZioSbSSp8dB9nTh6S', 316, 1, 153),
(317, 'YxUx6uMkfhJCn1Ecg0kdvpdFdVL57L', 317, 1, 153),
(318, '6iNweYn24cAMADOBbhaY95rOvSoGt0', 318, 1, 153),
(319, 'tQee3P0xAFG0J1iNqomm6r6r2yU3K2', 319, 1, 153),
(320, 'Tm4F4o9goaRehU7AMvHtgf6Ef1vc6P', 320, 1, 153),
(321, '6mv2MC2gkg8WxuBgKqI5w9GJUFKCyT', 322, 1, 153),
(322, 'uoYXBRs8LoMz2UvlPK9aMsjm4EK47n', 321, 1, 153),
(323, 'JGEdNWfDHddP0LxFYenhkq8oYwRqxK', 323, 1, 153),
(324, 'IS8PW9jo5neDnvW2yrMFa6ycHSb2YD', 324, 1, 153),
(325, 'pKdUnbyW4tjobltx0UDEt7ANcDo3Po', 325, 1, 153),
(326, 'X8vI2yVQbAv2jJGtnkDPqL5RUDd0Kw', 326, 1, 153),
(327, 'jxmZfAiTrv8q6MbWwk5jD5uUZ6g3wO', 327, 1, 153),
(328, '8CuHN84RYEnPGpo3euJX0xl168rVG2', 328, 1, 153),
(329, '05P1Gs96s3GEvyyyWZwiyPrDsdNFTo', 329, 1, 153),
(330, 'YOsxEBocuBIJML8fXeDmPHFuA28B0L', 330, 1, 153),
(331, 'd5KoWxdM2whS7a1HaOZwqxdMhnw88i', 331, 1, 153),
(332, 'AxMcDod4CgR6UTkeWO4G0gtxEHdFsv', 332, 1, 153),
(333, 'lMWh3hXqGdLzISvT5yhsPvpFKh6OkQ', 333, 1, 153),
(334, 'PktXkjlYXrvswgJWrSemaMG0cYiqUn', 334, 1, 153),
(335, 'zDXbcWtxnRMNV1vDmvumtp5zGANdL7', 335, 1, 153),
(336, '2SiaSnRWYK0y3wC5SukeU5JBk85qc5', 336, 1, 153),
(337, 'dPNxa7UTmgDMfqUBUo0CR5WQ2RsGMw', 337, 1, 153),
(338, 'nrK7mhvHlaP0THmEilEPN6NRKN7h0j', 338, 1, 153),
(339, 'vsv1wbTdpBGkeDWdd8jd85tUMSRvwO', 339, 1, 153),
(340, 'dqZYQhDcXddYpROALquCdXOF8dGdRN', 340, 1, 153),
(341, 'NK28k5WxLvex3idrQwh0gnSdy9sXuI', 341, 1, 1),
(342, 'intqo8y9GarNX6pPWalZ9u1l1CXEES', 342, 1, 1),
(343, 'VxRhe7GN4GBFYj5kzhymKPiVmGIGXm', 343, 1, 1),
(344, '7krhKfzjN16ywsBCA6YAdSFrLLduYT', 344, 1, 1),
(345, 'cmEO9xz5aC6lxJJs0Ahpa6fTzvJavw', 345, 1, 153),
(346, 'oWXV51G2lXCNsJKl9UOHnf5VUvo3fl', 346, 1, 153),
(347, 'lprqPBS8lW0bXARK7Z55lp6z7K166u', 347, 1, 153),
(348, 'FQ2WbaaZ19srD1wBlN7x6GJE8h7tlQ', 348, 1, 153),
(349, 'EUNrGpzqB3rvyW2d8DFjLSUMIp41yI', 349, 1, 153),
(350, 'Dcgc976b180ic4WdJ7QQU7YGyGkC7D', 350, 1, 153),
(351, 'pOCbq65OSqMOxl9LygHVrWZzpBlpGK', 351, 1, 1),
(352, 'dgnroB5c9H4ZayzYaDEjTEDkCgQjFS', 352, 1, 1),
(353, 'ZdJ7ES3wetxWHpaPUSbx8bwA6kzReW', 353, 1, 1),
(354, 'aPvXgJqkVDtNtroMHpdk1AceY8l6iL', 354, 1, 1),
(355, 'vfHghqmkJJqOiaagq7g75fiL4er9Gt', 355, 1, 1),
(356, 'orodOStt7ZdPT1SFIXrIhnBC4G9HHt', 356, 1, 1),
(357, 'kocDRNDWWoLHvdBFF2vQZtnLwDmK3n', 357, 1, 153),
(358, 'hHuH4aBJyTIiQVVjTdQUPyahRiN6df', 358, 1, 153),
(359, 'CrpZaVVmpJQoHbUl42327W3F6dMZT8', 360, 1, 1),
(360, 'BS6PqODeAhGKvxxcncRWejOhPwNgBk', 359, 1, 1),
(361, 'JAwoumJWtH1giirYAz0K9YTAPS4P9J', 361, 1, 1),
(362, 'LVm8cUowvITvEymUsG1KAsb2Eb5Tk7', 362, 1, 1),
(363, 'D36WXkAvsxv3bPVphqCutusBHl5jsW', 363, 1, 1),
(364, 'SnAyBH7MLLFzsyZbSKxyIyBkxW9lS0', 364, 1, 1),
(365, '78asgJxt7f6TmPdVBHNK1cgUbiOP8n', 365, 1, 1),
(366, 'zYhNXGpp2hvFvTZmQYxAjI6LXJsoWy', 366, 1, 1),
(367, 'NJMefWnbjTmL5paxPlOy0mzQznF2GU', 368, 1, 1),
(368, 'jO4KNTGU6HJ4ghTo9Ol1s6TrzyKMzv', 367, 1, 1),
(369, 'k4GcqGqvA1aTvUWCx56YrpvzqL8CeP', 369, 1, 153),
(370, 'WjO9qW5wwEGQcZrKiI2yqakdpQg9N3', 370, 1, 153),
(371, 'Mi2CFu42HjjrRW5ANYqCsrvwGnV478', 372, 1, 1),
(372, 'PrgymbVkZO4IUauc11xX1w7xK8ZryR', 371, 1, 1),
(373, '77T59x4dBW96OrGsjrKoBwZ4cdMnzg', 373, 1, 1),
(374, 'h74ReNL9jpCGybBpMorC1Q2nprpI9v', 374, 1, 1),
(375, 'MKtBx4XFyC5Kdf4gBS15AQTqmTFAd4', 375, 1, 1),
(376, 'naFfTHPt8kLJv89HXZB9qHwhBOGSaO', 376, 1, 1),
(377, 'wuwGlrC1cETHGd2IOicBimTcfbCs4C', 377, 1, 1),
(378, 'KDpKXAL2lESkGCnRVQVkSbfGIfVULx', 378, 1, 1),
(379, 'EaTDMQhC5sA4leGZInJtMaWZvvqAg2', 379, 1, 1),
(380, 'ksriDL3JIFkwevN95Bn6ekRQqF3sRa', 380, 1, 1),
(381, '8X5ornqYLbWXHyzwQ6FBgHV1pfUg5S', 381, 1, 1),
(382, 'ytg2Jmf5e5eUy1KJksjVgPvLqE7KWL', 382, 1, 1),
(383, 'iqBmnCV9YQvTDQruTugABYoRCMVO8V', 383, 1, 1),
(384, 'f9pVGi0trISXkHZCFUF6iPQsVaseOg', 384, 1, 1),
(385, 'LpBxn57lAKyrrQxy9T8Pp3QjT8OiQk', 385, 1, 1),
(386, 'N0loPQNRBNCCY3e19oD609OePhgRoZ', 386, 1, 1),
(387, '7IxAlGYonyIyIXLUEG8lGtOGrOY5R6', 387, 1, 1),
(388, 'K5B9ufT8TVEoq1lJOaAoI9OzK6nF3I', 388, 1, 1),
(389, 'hP7VMyCSfm6CFiXZIkyS3uSdwRz7rE', 389, 1, 1),
(390, 'wAxcnjcIIqlhvRuDGvk5oI4dQUFiWk', 390, 1, 1),
(391, 'IChl3julEyN5HhoWvdDZJjcFZDCDFW', 391, 1, 1),
(392, '29NKI0tPGEYQLl3xjJWfrzytJRAyFV', 392, 1, 1),
(393, 'QfMdQHTzh9hkadrv2ofN2BWJxf1qyI', 393, 1, 1),
(394, '6YoL83eFE1opTHekiiQMmW2v1gPbA8', 394, 1, 1),
(395, 'MQ6zNfHbBchLpUw1X9mISxQc3sdAT1', 395, 1, 1),
(396, '87pwMGfrs449zjbCo2yeGJat69OTmj', 396, 1, 1),
(397, 'mkNT4uq0wDUIE61Zep6YnM4987pvhp', 397, 1, 1),
(398, '1HR3A7Rvunz1m6mQoxhUQaxKwtPCA1', 398, 1, 1),
(399, 'PqsYRs2xYbqu7UZYSEmckc0hjkY03v', 399, 1, 1),
(400, 'yS08OCfY2rQ3WLqDuZPaUZSUEoiad5', 400, 1, 1),
(401, '6BENWzJG8GD3u1GaAjJfnhphPEffqT', 401, 1, 1),
(402, 'VkRRm6vbvfq97TMeKHS0HPnTr5hOGz', 402, 1, 1),
(403, 'BbWELMOFpP5a3UXAFHkOu2Esj6d3cW', 403, 1, 1),
(404, 'wa04WQS8TltJuQzEV14XXQX0gamyt0', 404, 1, 1),
(405, 'k6DfEWCM4MFMsEzduDh5bdPr7g3aF4', 405, 1, 1),
(406, 'TgR18blNwTHz3jCir27wdyylcXC68z', 406, 1, 1),
(407, 'uOKNeGow85CkklT2K56E7hmngF4YBW', 407, 1, 1),
(408, 'BiBsPALlUmrt5yBY34BJPyrn1U0OHw', 408, 1, 1),
(409, 'C3H8GOv0s8MzrsTMZhVjzB0n8l8vNO', 409, 1, 1),
(410, 'GHRr4e5Ua6D6cjsq9lVUaTAXjCaQCn', 410, 1, 1),
(411, 'xrLW3BsNfPnhqk7R25mz9AYu5VMCmO', 411, 1, 1),
(412, '1XqHCQCBRPN2ruEDL8lXq0yXxoH6iK', 412, 1, 1),
(413, 'dtGsvdomxSjKH9W7e1PpLpaZvbN15k', 413, 1, 1),
(414, 'dSR1ybqH33UC0XHNaNHola1AyUjVfa', 414, 1, 1),
(415, 'Fjnx6vlSIYkSOX7VUdarg2u84Pw3GZ', 415, 1, 1),
(416, 'btOFU7V2ZLkLD5GANwUxBy9KIhnIo6', 416, 1, 1),
(417, 'FA4TkqmJz2B1gyGcSRL4M3rAL240M6', 417, 1, 1),
(418, 'lrKyTEV4UknRJXHssD16BatjvtM3X8', 418, 1, 1),
(419, 'sGsVvSaOppLrvnhow36ZKmt2sUfTQi', 419, 1, 1),
(420, 'K7A9K08Hq4PFwg5HLqelVIM4JBIiWP', 420, 1, 1),
(421, 'rLdjSQu3z9J45gxoBHvxV1hH11PXhB', 421, 1, 1),
(422, 'FxRUz6QbKPpHg02jgrjN3TU33wSdC8', 422, 1, 1),
(423, 'xUqL6QPFGcCqcCU51JyiFwt7riYMBC', 423, 1, 1),
(424, '0xVFTzhn6oRR3kkUuDo4Xdrue1JDIT', 424, 1, 1),
(425, 'QuCHoQQmcS0soJ3ETNbezl2pLHjsmI', 425, 1, 1),
(426, 'OK7cvervl7igK5zW1TS7xmhhmwSVPW', 426, 1, 1),
(427, 'l17dWY1phBtpn1PahOnNxTmiTC4tWd', 427, 1, 1),
(428, 'J02cZCUaZks47G5y6EojRhhqOyajVG', 428, 1, 1),
(429, '42dmNLuUerHq0gSZk5jMHuHkeArq5W', 429, 1, 153),
(430, 'iZBmFXQyJZZhqfEye9PV0iOqch0mFa', 430, 1, 153),
(431, 'fuwiRO1FnuTu4DBWNClAB32qavNfFc', 431, 1, 153),
(432, 'nbmiHOSqv8zY73RjlcJPEksre66YCx', 432, 1, 153),
(433, 'cpiy5cQftJpRoLSpHKj4aRRldNdlx2', 433, 1, 153),
(434, 'KljucNLc0Be3dOc6WYee5qo9DSAOSR', 434, 1, 153),
(435, 'W8Hx4A29HWTnQN65h2Ap0RjI5ASUxs', 435, 1, 1),
(436, '3aBrruzicjNS0WDa2xbrb0S0GbMB0w', 436, 1, 1),
(437, 'hO8AM3x349MwdR3iakLiQU18KdRq9Z', 437, 1, 153),
(438, 'x3YwyfhFnx45KQarpcLXaBrBNvoNRb', 438, 1, 153),
(439, 'nGXYbzZa1fmjGYzbYFMeVL205SX2gF', 439, 1, 1),
(440, '1vm5V3YLBxO6Tz3kgLgJZqncPRnbH3', 440, 1, 1),
(441, 'AVzpbJkFK7XOl479PCYokoACcx9Sl7', 441, 1, 153),
(442, '06aTcTQTa5TkC5fnYpT1DW92zCd17K', 442, 1, 153),
(443, 'pG4IeHWPdDWhBOUKjPiXVFgjzlNmgt', 444, 1, 1),
(444, 'xKtCcYprQyabnGAi7Apvg0xQUCnC1Z', 443, 1, 1),
(445, 'iDdmudvkj32ovLGIEqDx1scV50lDuU', 445, 1, 153),
(446, 'yh35lh9uiGsEiiyDp9omo76oYC6xrt', 446, 1, 153),
(447, 'Bddp7DQCdRotULAycaU7oSqy4160QX', 447, 1, 153),
(448, 'HVHXEnH1XRPy0gL0zKrdCBvl5ahneW', 448, 1, 153),
(449, 'Er4rCNMioTw0SZVlYLmprU91y2t2bd', 449, 1, 153),
(450, 'rKEdy6sYYf2q2rTWEpvtZj8YQHLgrM', 450, 1, 153),
(451, 'pwU12oMX55WywGOI3BTRDimUytq3dO', 451, 1, 153),
(452, 'Y6EPX10FeAyDsYpqUMnk91B5FPKH10', 452, 1, 153),
(453, '4UPlEQG8GDR7exmBMhUORuXTPq6JW5', 453, 1, 153),
(454, 'ClSwku5AGrNEHl6uIIqwYUBwdMxrnX', 454, 1, 153),
(455, 'r5woddE2fVhIJISJJWfXSzatmmGzIT', 455, 1, 153),
(456, 'MhUTbPMCxYP8gzxhbP2PtJfx4JyGer', 456, 1, 153),
(457, 'kCqWG5QkTDLUcWgmJL7QKMKwdzyXZs', 457, 1, 153),
(458, 'jqWChEi18xyVlYtajoHf4OfRv8kZle', 458, 1, 153),
(459, 'QHUrokvbKdtR3WtzORMMiipHuqgkFo', 459, 1, 153),
(460, 'cSQrLCOkjHtHVpANkvJ6Fo0MboDAWK', 460, 1, 153),
(461, 'E8Twf7myyXSvJeH1J8UoPqZe5cj4oS', 461, 1, 153),
(462, 'nSrk5TaGRZ9pzPyHwRiQQzyd2wwGQa', 462, 1, 153),
(463, '2T8aHsI1irm97W3eIGHjgoQyypPkAA', 463, 1, 153),
(464, '1dNjOIs8x4kVFGMXrSwtowX9nH2L7c', 464, 1, 153),
(465, 'xieBraYhCBbiX7ZzIg8wAbDTlJpa8H', 465, 1, 153),
(466, 'zSJrWC8PIFLTSGBi2kQefNHKx9sjdz', 466, 1, 153),
(467, 'JURWThNAwFvS08G45L8MlcEa1QpWTv', 467, 1, 153),
(468, 'Wu6lFw3TSjgpDG6AH5onsoY0R0bziO', 468, 1, 153),
(469, 'HmpMsZMavWQvqe71M0NxLrjlg12rhq', 469, 1, 153),
(470, '27b2PLH9lcRjPOXmnFyJH9L0Qayg6Y', 470, 1, 153),
(471, 'V4zugZLsSf9s0mZpbENEwhl7P0fFS5', 471, 1, 153),
(472, 'prjeXS9jgNIeuJEjf9daeDQvzvXq2D', 472, 1, 153),
(473, 'kuxAearTa5qpyaSPPfJth7n9NuoLy0', 473, 1, 153),
(474, '00HvujdXD9Py8wbd13VCUykCyIRck0', 474, 1, 153),
(475, '8JBI6XWYtMXjiT5o1zh56tk2xNGnAP', 475, 1, 153),
(476, 'OTp6M1B5ROFbbmSImUAm7ULGVClm9M', 476, 1, 153),
(477, '7exdOHaHzuk6PAdH5lkbGMuvi2f0DG', 477, 1, 153),
(478, '7K8V6Aq8HIYbfO4BSSAnK1iZ5OU3g3', 478, 1, 153),
(479, 'XRoCAyZAdPpUo2WIvhrGkAaaLx3vsP', 479, 1, 153),
(480, 'rHfaUX37PbZ6PkrjvSd0YHxK0djvVR', 480, 1, 153),
(481, 'ciNS2YgA0BNgsKgJHmNGNREGWZdWMz', 481, 1, 153),
(482, '7GaE9b2YRwVTcCtENEk1hKwTXbZemB', 482, 1, 153),
(483, 'FYX783doHLPzQItAoiBWfzBesaJiOU', 483, 1, 1),
(484, 'jv6qnWkyPWmOZeQA9GMx38B8fO9wbn', 484, 1, 1),
(485, '4vUT1cDA4lQxYnmGV1LzKgvcDT1mmV', 485, 1, 153),
(486, 'z7Sr5wg59cxtsJPqn2Nx3Gt6A1Yani', 486, 1, 153),
(487, '8J9iHDafH77FWnRC65cL2n9yuZgQtp', 487, 1, 153),
(488, 'j4cFSJaBG5VDbeTuctSWs34MMJIroJ', 488, 1, 153),
(489, 'QI28hDplRVq66smbasRP19sqntxKB0', 489, 1, 153),
(490, 'wR4SRU6KPzkvfOFXNuMG3qGc0yYqkJ', 490, 1, 153),
(491, 'LXAh5MpCPKnNaFF61y5YKRizDfn5oI', 491, 1, 153),
(492, 'pTvQwvcQsnmN7TllS6xJ1a6gOu6DLY', 492, 1, 153),
(493, 'rmQ2BqbuSewVNh6Y8iKhFeiXhQimwJ', 493, 1, 153),
(494, '5tHHKKX61kFErXdqLAXoeDoYmVtBHE', 494, 1, 153),
(495, '3rLKQuQiiF2v8J1nQh4OwYGfQ7J533', 495, 1, 153),
(496, '1SdgHnhCFdtjlqcJEZvokxW37yIzee', 496, 1, 153),
(497, 'GzVMBot2BYxnoRZJvEUXYix3M6rAq3', 497, 1, 153),
(498, '2D0cF68UMTRuzhBDyg2FIx1TgSKxhR', 498, 1, 153),
(499, '5Y3RNw7IdVtzJTvFFKBaatTsr7402n', 499, 1, 153),
(500, 'LSnQpBSKSlWPNwM5rBPtbD4PW35aWq', 500, 1, 153),
(501, 'JygLoJlBwR5QpRozRqGMepRCSE7obL', 501, 1, 153),
(502, 'S8pUg5dR5fT2HYOmOaoUs6qCoVZm7s', 502, 1, 153),
(503, 'DVJ1PNCr1BmUCHi2jCC5s2kMSed2I8', 503, 1, 1),
(504, 'vKJ9NXx3LqzItIUgOfrOLg8pKaODkz', 504, 1, 1),
(505, 'FkgdEuse82lw9qmiWqPOpqVvdZRX37', 505, 1, 1),
(506, 'f2DA2XBeqgI20Of0s2U3oyPCXQ0tyC', 506, 1, 1),
(507, 'FvpDW5v3ZVASjIEx0mxXPcRd2hTjBj', 507, 1, 153),
(508, 'UxiF7MsMmcVQmIlwIFoadz9NzeeiXi', 508, 1, 153),
(509, 'mRwxJ4UybI0mvH6a1UJSJcHL6qrApi', 509, 1, 153),
(510, 'epmrGabIGrOGFLkHANO4mH21AXwjUi', 510, 1, 153),
(511, 'onPu7jTQo1hVhysrcAukp71eYlcyWk', 511, 1, 153),
(512, 'PsruJDip30qkQxaXTdv64mLUIwx2jd', 512, 1, 153),
(513, 'GjCkxVoKHdoh6j6mwIidaRQGcgyhGK', 513, 1, 153),
(514, 'cN625IPhwZTpxwTkwPIo6qTwQGvGEF', 514, 1, 153),
(515, 'O5NiZxNF3EJU1kM8tl5m7ECNHGtnQ3', 515, 1, 153),
(516, 'srVxQ0pID5EDRc8okSXuQIh2PZ6LBc', 516, 1, 153),
(517, '8jfGdmQgJwBMeJcc3EJr9CTzNHcC1l', 517, 1, 153),
(518, 'FAzXX70s8EUOe2dc8C1Blzs03QyjOi', 518, 1, 153),
(519, 'zkdZmPeQcx6NZRIV0krP4cu9I58meN', 519, 1, 153),
(520, 'D5xW0RvdCXSs6uhVg4d92NA1ky8VLA', 520, 1, 153),
(521, 'cmCB0x6yuFW49IY7VcOEscueNj1HC4', 521, 1, 153),
(522, 'wahxJNxh8QDXQic2hYsxHg94O7QAom', 522, 1, 153),
(523, 'GO6pinSAGm50MUofShPi2BaBQb4pEE', 523, 1, 153),
(524, 'jsOuA2vI1dIgqc73A0Hfk4SXj0HdHS', 524, 1, 153),
(525, 'u5S22srLyJUkJfS7xdGts0t5zKQZf2', 525, 1, 153),
(526, 'h1awiBat5enTM4YYwYNmmarRW6kjtH', 526, 1, 153),
(527, 'KzHmBmOFO4M6o5hL8ZRdKuDIgoAoFr', 527, 1, 153),
(528, 'Z6cEqE0XrL1PQVPbW0VpTi5DcPeNtX', 528, 1, 153),
(529, '4fqyn7b4lXtqD89dheepwPVElx5gb5', 529, 1, 153),
(530, 'NXRkCHvdTYI8b6K8yOreU8R7vxmk8t', 530, 1, 153),
(531, '0i8DSIb6dUVjo6UUI6Nmy9RxeRRF2x', 532, 1, 153),
(532, 'Luliq6v6BJAYJ0A3k8OMo4PTFzu77f', 531, 1, 153),
(533, 'u2t8UF3d4yp4WV8GQ4CSVuCHFPdSVC', 533, 1, 153),
(534, 'gbOLsfC0hYx0Q5fjSR8jUXzKuu02HY', 534, 1, 153),
(535, 'zYLmZe0dTYU6xtbyzz1Mj25Lj5E5MZ', 535, 1, 153),
(536, 'PlGpBm7p1RzukupVRVZdgHmJfqVq3R', 536, 1, 153),
(537, '3X2jGOqlROchrauuPgABFfF8Pgjyt0', 537, 1, 153),
(538, 'Pp93fWeaoG64RG6IB0FsdAfQTjkLw8', 538, 1, 153),
(539, '0ZwsgsrvOYj1jhK85pEydswz7XSC5i', 539, 1, 153),
(540, 'y8WIFRZmn0IcFXWEfzxUJvhj8d3Js4', 540, 1, 153),
(541, '9hB7mFYRc8byNTJ0iA6k6IBye4gHrN', 541, 1, 153),
(542, '9SEBugZg8CHYcSwaswGN5o2EwOGuTQ', 542, 1, 153),
(543, 'GHP2xvxOH6AMKjXjm39FYudjUSTnb5', 543, 1, 153),
(544, 'LJOkMdPe2TSjTt7XUethteNBiTVap7', 544, 1, 153),
(545, 'SS1TLZ1xICOmQ9IehOMES890iz2dlJ', 545, 1, 153),
(546, 'O48puiAoCAQNbbG5HHKHvaMICSNS4Y', 546, 1, 153),
(547, 'Th8IoTiCYZqB5oy8f7R7DBciHXdyFo', 547, 1, 153),
(548, 'J8ZiPBPZwC6gDZjWiqZHdnGEj27gSP', 548, 1, 153),
(549, 'DU9Iz4ah8qzZCC6lGm4n3EpDb9KiRT', 550, 1, 153),
(550, 'x1XhdYNfdj4fZxmANqpHUYqVTVoA3V', 549, 1, 153),
(551, 'F8GeDlmuTaguPwlSIJuZynX48tO1sA', 551, 1, 153),
(552, 'KBb3pjsVYoMa9rdcupPw0zw9ePAsG4', 552, 1, 153),
(553, 'm7CZVqFbjfZ63eYPkIB8AQ8p47oXqF', 553, 1, 153),
(554, 'Yo78QHsOzXUbv91VIkRtCGCmyciYIn', 554, 1, 153),
(555, 'XS5AtQMjNolnYLnn9qtll4DhflTaOA', 555, 1, 153),
(556, 'Fy2M85J9s6pU3u9xYKpLnjj16Af0d4', 556, 1, 153),
(557, 'QdItI68rAXVMex3hiCVyHvoXMITHNd', 557, 1, 153),
(558, '53agwa6QqQ8nMSgCEiuujJxtKBhXas', 558, 1, 153),
(559, 'zNlynkoOhvhaXl2cNVHjFrY9bzCg3C', 559, 1, 1),
(560, '2sdoZWbEWZM6LQ1tYGvYdxulKaSw5R', 560, 1, 1),
(561, 'aK6Kt1XAs9TkCAIGijYqwc4DFt7s6T', 561, 1, 1),
(562, 'aw6b6t716EaORfER9mFqGYjcjlATt6', 562, 1, 1),
(563, 'NrEEHUqLDZazpus5MdMnEmRO5PbahG', 563, 1, 153),
(564, 'VI2TfzrMcCKUA4wd8P5cgsQTQiOJP1', 564, 1, 153),
(565, 'R2A8i2bWit5SdjjsiZMz0bTGPaUZn8', 565, 1, 1),
(566, 'BdN0AH8uWGWd64Q58hyjCXxF4HhKd2', 566, 1, 1),
(567, 'dCTufxkhqKJVhZqtzcBuy4dsnNnBYL', 567, 1, 153),
(568, 'wRugMVa3k69eFUaFg1qLpkNNtyYmx7', 568, 1, 153),
(569, 'qe3CgN6JI7CK9EHxyK9TWTukATVM16', 569, 1, 1),
(570, 'P9iiZpPhnmGUWHThRiw1lDgrHHGwR8', 570, 1, 1),
(571, 'D5pqKy8B1eJ5OGMGde9f9SwBUKgHc5', 571, 1, 153),
(572, 'klvEamhJtz9LJK8OTtU3BFSRLnYTvp', 572, 1, 153),
(573, '6c98RNQvHbrdO16iCbUBYoK5noSrVF', 573, 1, 1),
(574, '2LudpNmpLgtJrvg5fLVLohBrG7JBbr', 574, 1, 1),
(575, '2MvPSMYQzoFzrZQzaXdtSbjkiIkpwd', 575, 1, 153),
(576, 'X7ygu4CclmljDu9r3FSmYzv6kgtnCC', 576, 1, 153),
(577, 'FmWfZiLOBWQrp0Jeiikc41w6N90HX1', 577, 1, 1),
(578, 'Z0ZNhOvy7c9RU2nfmKp8sBsDS8tRKK', 578, 1, 1),
(579, 'G5qFdho63NCDC0UIOgVBqFXtS8Oh3A', 579, 1, 1),
(580, 'Jdyu2vfiA4UoxO8TWvKXVUmBimqDfj', 580, 1, 1),
(581, '33U1NSSKXnmuBOWP7Qgcm7Z9xPIP8q', 581, 1, 1),
(582, 'y2QWIOO6LVEpGk3XRIsAsr6Nn8W07h', 582, 1, 1);

-- --------------------------------------------------------

--
-- Table structure for table `registerAgent_registeragent`
--

CREATE TABLE IF NOT EXISTS `registerAgent_registeragent` (
  `id` int(11) NOT NULL,
  `F_Name` varchar(250) NOT NULL,
  `L_Name` varchar(250) NOT NULL,
  `Phonenumber` int(11) NOT NULL,
  `Email` varchar(250) NOT NULL,
  `County` varchar(250) DEFAULT NULL,
  `Constituency` varchar(250) DEFAULT NULL,
  `Locality` varchar(250) DEFAULT NULL,
  `User_id` int(11) NOT NULL
) ENGINE=InnoDB AUTO_INCREMENT=55 DEFAULT CHARSET=latin1;

--
-- Dumping data for table `registerAgent_registeragent`
--

INSERT INTO `registerAgent_registeragent` (`id`, `F_Name`, `L_Name`, `Phonenumber`, `Email`, `County`, `Constituency`, `Locality`, `User_id`) VALUES
(54, 'Norman', 'Munge', 712658109, 'normanmunge@gmail.com', 'Nairobi', 'Lang''ata', 'South B', 153);

-- --------------------------------------------------------

--
-- Table structure for table `registerCustomer_registercustomer`
--

CREATE TABLE IF NOT EXISTS `registerCustomer_registercustomer` (
  `id` int(11) NOT NULL,
  `F_Name` varchar(250) NOT NULL,
  `L_Name` varchar(250) NOT NULL,
  `Phonenumber` int(11) NOT NULL
) ENGINE=InnoDB AUTO_INCREMENT=17 DEFAULT CHARSET=latin1;

--
-- Dumping data for table `registerCustomer_registercustomer`
--

INSERT INTO `registerCustomer_registercustomer` (`id`, `F_Name`, `L_Name`, `Phonenumber`) VALUES
(1, 'Mark', 'Thairu', 712658104),
(5, 'Sharons', 'Obangalala', 82323232),
(8, 'Kim', 'Njeru', 78922),
(12, 'Kim', 'Kimiti', 8232323),
(16, 'Norman', 'Thairu', 712658102);

--
-- Indexes for dumped tables
--

--
-- Indexes for table `auth_group`
--
ALTER TABLE `auth_group`
  ADD PRIMARY KEY (`id`), ADD UNIQUE KEY `name` (`name`);

--
-- Indexes for table `auth_group_permissions`
--
ALTER TABLE `auth_group_permissions`
  ADD PRIMARY KEY (`id`), ADD UNIQUE KEY `auth_group_permissions_group_id_0cd325b0_uniq` (`group_id`,`permission_id`), ADD KEY `auth_group_permissi_permission_id_84c5c92e_fk_auth_permission_id` (`permission_id`);

--
-- Indexes for table `auth_permission`
--
ALTER TABLE `auth_permission`
  ADD PRIMARY KEY (`id`), ADD UNIQUE KEY `auth_permission_content_type_id_01ab375a_uniq` (`content_type_id`,`codename`);

--
-- Indexes for table `auth_user`
--
ALTER TABLE `auth_user`
  ADD PRIMARY KEY (`id`), ADD UNIQUE KEY `username` (`username`);

--
-- Indexes for table `auth_user_groups`
--
ALTER TABLE `auth_user_groups`
  ADD PRIMARY KEY (`id`), ADD UNIQUE KEY `auth_user_groups_user_id_94350c0c_uniq` (`user_id`,`group_id`), ADD KEY `auth_user_groups_group_id_97559544_fk_auth_group_id` (`group_id`);

--
-- Indexes for table `auth_user_user_permissions`
--
ALTER TABLE `auth_user_user_permissions`
  ADD PRIMARY KEY (`id`), ADD UNIQUE KEY `auth_user_user_permissions_user_id_14a6b632_uniq` (`user_id`,`permission_id`), ADD KEY `auth_user_user_perm_permission_id_1fbb5f2c_fk_auth_permission_id` (`permission_id`);

--
-- Indexes for table `django_admin_log`
--
ALTER TABLE `django_admin_log`
  ADD PRIMARY KEY (`id`), ADD KEY `django_admin__content_type_id_c4bce8eb_fk_django_content_type_id` (`content_type_id`), ADD KEY `django_admin_log_user_id_c564eba6_fk_auth_user_id` (`user_id`);

--
-- Indexes for table `django_content_type`
--
ALTER TABLE `django_content_type`
  ADD PRIMARY KEY (`id`), ADD UNIQUE KEY `django_content_type_app_label_76bd3d3b_uniq` (`app_label`,`model`);

--
-- Indexes for table `django_migrations`
--
ALTER TABLE `django_migrations`
  ADD PRIMARY KEY (`id`);

--
-- Indexes for table `django_session`
--
ALTER TABLE `django_session`
  ADD PRIMARY KEY (`session_key`), ADD KEY `django_session_de54fa62` (`expire_date`);

--
-- Indexes for table `oauth2_provider_accesstoken`
--
ALTER TABLE `oauth2_provider_accesstoken`
  ADD PRIMARY KEY (`id`), ADD UNIQUE KEY `oauth2_provider_accesstoken_token_8af090f8_uniq` (`token`), ADD KEY `oauth2_application_id_b22886e1_fk_oauth2_provider_application_id` (`application_id`), ADD KEY `oauth2_provider_accesstoken_user_id_6e4c9a65_fk_auth_user_id` (`user_id`);

--
-- Indexes for table `oauth2_provider_application`
--
ALTER TABLE `oauth2_provider_application`
  ADD PRIMARY KEY (`id`), ADD UNIQUE KEY `client_id` (`client_id`), ADD KEY `oauth2_provider_application_9d667c2b` (`client_secret`), ADD KEY `oauth2_provider_application_user_id_79829054_fk_auth_user_id` (`user_id`);

--
-- Indexes for table `oauth2_provider_grant`
--
ALTER TABLE `oauth2_provider_grant`
  ADD PRIMARY KEY (`id`), ADD UNIQUE KEY `oauth2_provider_grant_code_49ab4ddf_uniq` (`code`), ADD KEY `oauth2_application_id_81923564_fk_oauth2_provider_application_id` (`application_id`), ADD KEY `oauth2_provider_grant_user_id_e8f62af8_fk_auth_user_id` (`user_id`);

--
-- Indexes for table `oauth2_provider_refreshtoken`
--
ALTER TABLE `oauth2_provider_refreshtoken`
  ADD PRIMARY KEY (`id`), ADD UNIQUE KEY `access_token_id` (`access_token_id`), ADD UNIQUE KEY `oauth2_provider_refreshtoken_token_d090daa4_uniq` (`token`), ADD KEY `oauth2_application_id_2d1c311b_fk_oauth2_provider_application_id` (`application_id`), ADD KEY `oauth2_provider_refreshtoken_user_id_da837fce_fk_auth_user_id` (`user_id`);

--
-- Indexes for table `registerAgent_registeragent`
--
ALTER TABLE `registerAgent_registeragent`
  ADD PRIMARY KEY (`id`), ADD UNIQUE KEY `User_id` (`User_id`);

--
-- Indexes for table `registerCustomer_registercustomer`
--
ALTER TABLE `registerCustomer_registercustomer`
  ADD PRIMARY KEY (`id`);

--
-- AUTO_INCREMENT for dumped tables
--

--
-- AUTO_INCREMENT for table `auth_group`
--
ALTER TABLE `auth_group`
  MODIFY `id` int(11) NOT NULL AUTO_INCREMENT,AUTO_INCREMENT=3;
--
-- AUTO_INCREMENT for table `auth_group_permissions`
--
ALTER TABLE `auth_group_permissions`
  MODIFY `id` int(11) NOT NULL AUTO_INCREMENT,AUTO_INCREMENT=19;
--
-- AUTO_INCREMENT for table `auth_permission`
--
ALTER TABLE `auth_permission`
  MODIFY `id` int(11) NOT NULL AUTO_INCREMENT,AUTO_INCREMENT=37;
--
-- AUTO_INCREMENT for table `auth_user`
--
ALTER TABLE `auth_user`
  MODIFY `id` int(11) NOT NULL AUTO_INCREMENT,AUTO_INCREMENT=154;
--
-- AUTO_INCREMENT for table `auth_user_groups`
--
ALTER TABLE `auth_user_groups`
  MODIFY `id` int(11) NOT NULL AUTO_INCREMENT,AUTO_INCREMENT=119;
--
-- AUTO_INCREMENT for table `auth_user_user_permissions`
--
ALTER TABLE `auth_user_user_permissions`
  MODIFY `id` int(11) NOT NULL AUTO_INCREMENT;
--
-- AUTO_INCREMENT for table `django_admin_log`
--
ALTER TABLE `django_admin_log`
  MODIFY `id` int(11) NOT NULL AUTO_INCREMENT,AUTO_INCREMENT=13;
--
-- AUTO_INCREMENT for table `django_content_type`
--
ALTER TABLE `django_content_type`
  MODIFY `id` int(11) NOT NULL AUTO_INCREMENT,AUTO_INCREMENT=13;
--
-- AUTO_INCREMENT for table `django_migrations`
--
ALTER TABLE `django_migrations`
  MODIFY `id` int(11) NOT NULL AUTO_INCREMENT,AUTO_INCREMENT=20;
--
-- AUTO_INCREMENT for table `oauth2_provider_accesstoken`
--
ALTER TABLE `oauth2_provider_accesstoken`
  MODIFY `id` int(11) NOT NULL AUTO_INCREMENT,AUTO_INCREMENT=583;
--
-- AUTO_INCREMENT for table `oauth2_provider_application`
--
ALTER TABLE `oauth2_provider_application`
  MODIFY `id` int(11) NOT NULL AUTO_INCREMENT,AUTO_INCREMENT=2;
--
-- AUTO_INCREMENT for table `oauth2_provider_grant`
--
ALTER TABLE `oauth2_provider_grant`
  MODIFY `id` int(11) NOT NULL AUTO_INCREMENT;
--
-- AUTO_INCREMENT for table `oauth2_provider_refreshtoken`
--
ALTER TABLE `oauth2_provider_refreshtoken`
  MODIFY `id` int(11) NOT NULL AUTO_INCREMENT,AUTO_INCREMENT=583;
--
-- AUTO_INCREMENT for table `registerAgent_registeragent`
--
ALTER TABLE `registerAgent_registeragent`
  MODIFY `id` int(11) NOT NULL AUTO_INCREMENT,AUTO_INCREMENT=55;
--
-- AUTO_INCREMENT for table `registerCustomer_registercustomer`
--
ALTER TABLE `registerCustomer_registercustomer`
  MODIFY `id` int(11) NOT NULL AUTO_INCREMENT,AUTO_INCREMENT=17;
--
-- Constraints for dumped tables
--

--
-- Constraints for table `auth_group_permissions`
--
ALTER TABLE `auth_group_permissions`
ADD CONSTRAINT `auth_group_permissions_group_id_b120cbf9_fk_auth_group_id` FOREIGN KEY (`group_id`) REFERENCES `auth_group` (`id`),
ADD CONSTRAINT `auth_group_permissi_permission_id_84c5c92e_fk_auth_permission_id` FOREIGN KEY (`permission_id`) REFERENCES `auth_permission` (`id`);

--
-- Constraints for table `auth_permission`
--
ALTER TABLE `auth_permission`
ADD CONSTRAINT `auth_permissi_content_type_id_2f476e4b_fk_django_content_type_id` FOREIGN KEY (`content_type_id`) REFERENCES `django_content_type` (`id`);

--
-- Constraints for table `auth_user_groups`
--
ALTER TABLE `auth_user_groups`
ADD CONSTRAINT `auth_user_groups_group_id_97559544_fk_auth_group_id` FOREIGN KEY (`group_id`) REFERENCES `auth_group` (`id`),
ADD CONSTRAINT `auth_user_groups_user_id_6a12ed8b_fk_auth_user_id` FOREIGN KEY (`user_id`) REFERENCES `auth_user` (`id`);

--
-- Constraints for table `auth_user_user_permissions`
--
ALTER TABLE `auth_user_user_permissions`
ADD CONSTRAINT `auth_user_user_permissions_user_id_a95ead1b_fk_auth_user_id` FOREIGN KEY (`user_id`) REFERENCES `auth_user` (`id`),
ADD CONSTRAINT `auth_user_user_perm_permission_id_1fbb5f2c_fk_auth_permission_id` FOREIGN KEY (`permission_id`) REFERENCES `auth_permission` (`id`);

--
-- Constraints for table `django_admin_log`
--
ALTER TABLE `django_admin_log`
ADD CONSTRAINT `django_admin_log_user_id_c564eba6_fk_auth_user_id` FOREIGN KEY (`user_id`) REFERENCES `auth_user` (`id`),
ADD CONSTRAINT `django_admin__content_type_id_c4bce8eb_fk_django_content_type_id` FOREIGN KEY (`content_type_id`) REFERENCES `django_content_type` (`id`);

--
-- Constraints for table `oauth2_provider_accesstoken`
--
ALTER TABLE `oauth2_provider_accesstoken`
ADD CONSTRAINT `oauth2_application_id_b22886e1_fk_oauth2_provider_application_id` FOREIGN KEY (`application_id`) REFERENCES `oauth2_provider_application` (`id`),
ADD CONSTRAINT `oauth2_provider_accesstoken_user_id_6e4c9a65_fk_auth_user_id` FOREIGN KEY (`user_id`) REFERENCES `auth_user` (`id`);

--
-- Constraints for table `oauth2_provider_application`
--
ALTER TABLE `oauth2_provider_application`
ADD CONSTRAINT `oauth2_provider_application_user_id_79829054_fk_auth_user_id` FOREIGN KEY (`user_id`) REFERENCES `auth_user` (`id`);

--
-- Constraints for table `oauth2_provider_grant`
--
ALTER TABLE `oauth2_provider_grant`
ADD CONSTRAINT `oauth2_application_id_81923564_fk_oauth2_provider_application_id` FOREIGN KEY (`application_id`) REFERENCES `oauth2_provider_application` (`id`),
ADD CONSTRAINT `oauth2_provider_grant_user_id_e8f62af8_fk_auth_user_id` FOREIGN KEY (`user_id`) REFERENCES `auth_user` (`id`);

--
-- Constraints for table `oauth2_provider_refreshtoken`
--
ALTER TABLE `oauth2_provider_refreshtoken`
ADD CONSTRAINT `oauth2_application_id_2d1c311b_fk_oauth2_provider_application_id` FOREIGN KEY (`application_id`) REFERENCES `oauth2_provider_application` (`id`),
ADD CONSTRAINT `oauth2_provider_refreshtoken_user_id_da837fce_fk_auth_user_id` FOREIGN KEY (`user_id`) REFERENCES `auth_user` (`id`),
ADD CONSTRAINT `oauth_access_token_id_775e84e8_fk_oauth2_provider_accesstoken_id` FOREIGN KEY (`access_token_id`) REFERENCES `oauth2_provider_accesstoken` (`id`);

--
-- Constraints for table `registerAgent_registeragent`
--
ALTER TABLE `registerAgent_registeragent`
ADD CONSTRAINT `registerAgent_registeragent_User_id_d1e75b09_fk_auth_user_id` FOREIGN KEY (`User_id`) REFERENCES `auth_user` (`id`);

/*!40101 SET CHARACTER_SET_CLIENT=@OLD_CHARACTER_SET_CLIENT */;
/*!40101 SET CHARACTER_SET_RESULTS=@OLD_CHARACTER_SET_RESULTS */;
/*!40101 SET COLLATION_CONNECTION=@OLD_COLLATION_CONNECTION */;
